#
# A fatal error has been detected by the Java Runtime Environment:
#
#  EXCEPTION_ACCESS_VIOLATION (0xc0000005) at pc=0x000001b516c40fa4, pid=15096, tid=7936
#
# JRE version: OpenJDK Runtime Environment Temurin-21.0.6+7 (21.0.6+7) (build 21.0.6+7-LTS)
# Java VM: OpenJDK 64-Bit Server VM Temurin-21.0.6+7 (21.0.6+7-LTS, mixed mode, emulated-client, sharing, tiered, compressed oops, compressed class ptrs, g1 gc, windows-amd64)
# Problematic frame:
# v  ~BufferBlob::MethodHandles adapters 0x000001b516c40fa4
#
# No core dump will be written. Minidumps are not enabled by default on client versions of Windows
#
# If you would like to submit a bug report, please visit:
#   https://github.com/adoptium/adoptium-support/issues
#

---------------  S U M M A R Y ------------

Command Line: -XX:+ShowCodeDetailsInExceptionMessages -agentlib:jdwp=transport=dt_socket,suspend=y,address=localhost:63380 -Dcom.sun.management.jmxremote -Dcom.sun.management.jmxremote.port=63379 -Dcom.sun.management.jmxremote.authenticate=false -Dcom.sun.management.jmxremote.ssl=false -Djava.rmi.server.hostname=localhost -Dspring.jmx.enabled=true -Dmanagement.endpoints.jmx.exposure.include=* -Dspring.application.admin.enabled=true -Dspring.output.ansi.enabled=always -XX:TieredStopAtLevel=1 -Dspring.boot.project.name=EwayCommonApi -javaagent:S:\Santhosh Kumar\Software\sts-4.28.1.RELEASE\configuration\org.eclipse.osgi\275\0\.cp\lib\javaagent-shaded.jar -Dfile.encoding=UTF-8 -Dstdout.encoding=UTF-8 -Dstderr.encoding=UTF-8 com.maan.eway.EwayCommonApiApplication

Host: Intel(R) Core(TM) i7-8650U CPU @ 1.90GHz, 8 cores, 15G,  Windows 11 , 64 bit Build 26100 (10.0.26100.5074)
Time: Fri Sep 19 16:56:24 2025 India Standard Time elapsed time: 403.321841 seconds (0d 0h 6m 43s)

---------------  T H R E A D  ---------------

Current thread (0x000001b56fe70f80):  JavaThread "http-nio-8086-exec-2" daemon [_thread_in_Java, id=7936, stack(0x0000007ed4800000,0x0000007ed4900000) (1024K)]

Stack: [0x0000007ed4800000,0x0000007ed4900000],  sp=0x0000007ed48f87f8,  free space=993k
Native frames: (J=compiled Java code, j=interpreted, Vv=VM code, C=native code)
C  0x000001b516c40fa4

The last pc belongs to _linkToVirtual (printed below).

siginfo: EXCEPTION_ACCESS_VIOLATION (0xc0000005), reading address 0xffffffffffffffff


Registers:
RAX=0x000001b516c1958b, RBX=0x000000071f3b3fc8, RCX=0x0000007ed48f8810, RDX=0x0000000000000004
RSP=0x0000007ed48f87f8, RBP=0x0000007ed48f8858, RSI=0x000001b575223118, RDI=0x000001b56f64b2d0
R8 =0x0000000000000004, R9 =0x0000000000000004, R10=0x000001b5866ec276, R11=0xe3e767fc00000000
R12=0x0000000000000000, R13=0x0000007ed48f87f8, R14=0x0000007ed48f8888, R15=0x000001b56fe70f80
RIP=0x000001b516c40fa4, EFLAGS=0x0000000000010202

XMM[0]=0x0000000000000000 0x0000000000000000
XMM[1]=0x0000000000000000 0x0000000000000000
XMM[2]=0x0000000000000000 0x0000000000000000
XMM[3]=0x0000000000000000 0x0000000000000000
XMM[4]=0x0000000000000000 0x0000000000000000
XMM[5]=0x0000000000000000 0x0000000000000000
XMM[6]=0x0000000000000000 0x3e9612e8afad1255
XMM[7]=0x0000000000000000 0x3ea7c130cf2d7ce2
XMM[8]=0x0000000000000000 0x0000000000000000
XMM[9]=0x0000000000000000 0x0000000000000000
XMM[10]=0x0000000000000000 0x0000000000000000
XMM[11]=0x0000000000000000 0x0000000000000000
XMM[12]=0x0000000000000000 0x0000000000000000
XMM[13]=0x0000000000000000 0x0000000000000000
XMM[14]=0x0000000000000000 0x0000000000000000
XMM[15]=0x0000000000000000 0x0000000000000000
  MXCSR=0x00001fa1


Register to memory mapping:

RAX=0x000001b516c1958b is at code_begin+4363 in an Interpreter codelet
return entry points  [0x000001b516c18480, 0x000001b516c1a298]  7704 bytes
RBX=0x000000071f3b3fc8 is an oop: java.lang.String 
{0x000000071f3b3fc8} - klass: 'java/lang/String'
 - string: "$2a$10$jgegxXy/aHRX9OdF5pT4j.9DXSsDm6t5R.7t4B7FOG7iskqbgpei2"
 - ---- fields (total size 3 words):
 - private 'hash' 'I' @12  0 (0x00000000)
 - private final 'coder' 'B' @16  0 (0x00)
 - private 'hashIsZero' 'Z' @17  false (0x00)
 - injected 'flags' 'B' @18  0 (0x00)
 - private final 'value' '[B' @20  [B{0x000000071f3b3fe0} (0xe3e767fc)
RCX=0x0000007ed48f8810 is pointing into the stack for thread: 0x000001b56fe70f80
RDX=0x0000000000000004 is an unknown value
RSP=0x0000007ed48f87f8 is pointing into the stack for thread: 0x000001b56fe70f80
RBP=0x0000007ed48f8858 is pointing into the stack for thread: 0x000001b56fe70f80
RSI=0x000001b575223118 points into unknown readable memory: 0x80002e008328c383 | 83 c3 28 83 00 2e 00 80
RDI=0x000001b56f64b2d0 points into unknown readable memory: 0x0000002800000080 | 80 00 00 00 28 00 00 00
R8 =0x0000000000000004 is an unknown value
R9 =0x0000000000000004 is an unknown value
R10=0x000001b5866ec276 is an unknown value
R11=0xe3e767fc00000000 is an unknown value
R12=0x0 is null
R13=0x0000007ed48f87f8 is pointing into the stack for thread: 0x000001b56fe70f80
R14=0x0000007ed48f8888 is pointing into the stack for thread: 0x000001b56fe70f80
R15=0x000001b56fe70f80 is a thread

Top of Stack: (sp=0x0000007ed48f87f8)
0x0000007ed48f87f8:   000001b516c1958b 000000071f3aa348
0x0000007ed48f8808:   000000070f74d418 0000007ed48f8810
0x0000007ed48f8818:   000001b5646ec276 0000000000000006
0x0000007ed48f8828:   000001b5646ec3c8 0000007ed48f88f8
0x0000007ed48f8838:   00000007038ebfc0 000001b5646ec288
0x0000007ed48f8848:   0000007ed48f87f8 0000007ed48f8890
0x0000007ed48f8858:   0000007ed48f88f8 000001b516c1958b
0x0000007ed48f8868:   000000071b1e2910 000000071f3b3fc8
0x0000007ed48f8878:   000000071f3aa348 000000070f74d418
0x0000007ed48f8888:   000000071b1e28a0 000000071f3b3fc8
0x0000007ed48f8898:   000000071f3aa348 000000070f74d418
0x0000007ed48f88a8:   000000071b1e28a0 0000007ed48f88b0
0x0000007ed48f88b8:   000001b56625cb01 000000000000000c
0x0000007ed48f88c8:   000001b56625cc50 0000000000000000
0x0000007ed48f88d8:   000000070205bb70 000001b56625cb10
0x0000007ed48f88e8:   0000007ed48f8890 0000007ed48f8960
0x0000007ed48f88f8:   0000007ed48f9210 000001b51787bfb2
0x0000007ed48f8908:   000000071b1e28a0 000000071f3aa348
0x0000007ed48f8918:   000000071b1e2998 000000070f74d418
0x0000007ed48f8928:   000000071b1e29c0 000000071f3b3fc8
0x0000007ed48f8938:   000000071b1e29e8 000000071f3b3fc8
0x0000007ed48f8948:   000000071f3aa348 000000070f74d418
0x0000007ed48f8958:   000000071b1e2870 000000071b1e2a10
0x0000007ed48f8968:   0000000702d73930 0000000000000001
0x0000007ed48f8978:   00007ffe92697488 000001b517bc8438
0x0000007ed48f8988:   00007ffe00000098 000001b517bc7110
0x0000007ed48f8998:   0000000000000000 0000007ed48f9210
0x0000007ed48f89a8:   000001b51706f8c4 0000000000000000
0x0000007ed48f89b8:   00007ffe92747301 0000007ed48f88e0
0x0000007ed48f89c8:   0000000000000c00 0000000000000000
0x0000007ed48f89d8:   0000000000000000 0000000000000000
0x0000007ed48f89e8:   0000000000000000 0000000000000000 

Instructions: (pc=0x000001b516c40fa4)
0x000001b516c40ea4:   b5 01 00 00 00 0f c4 16 b5 01 00 00 80 1f c4 16
0x000001b516c40eb4:   b5 01 00 00 f0 0e c4 16 b5 01 00 00 f0 0e c4 16
0x000001b516c40ec4:   b5 01 00 00 00 00 00 00 00 00 00 00 38 87 ef 92
0x000001b516c40ed4:   fe 7f 00 00 f0 10 00 00 60 00 00 00 ff ff ff ff
0x000001b516c40ee4:   f0 10 00 00 00 00 00 00 00 00 00 00 00 00 00 00
0x000001b516c40ef4:   00 00 00 00 00 00 00 00 00 00 00 00 f4 66 66 66
0x000001b516c40f04:   0f 1f 84 00 00 00 00 00 66 66 66 90 66 66 66 0f
0x000001b516c40f14:   1f 84 00 00 00 00 00 66 66 66 90 90 48 8b 53 08
0x000001b516c40f24:   0f b7 52 2e 48 8b 0c d4 8b 59 14 48 c1 e3 03 8b
0x000001b516c40f34:   5b 28 48 c1 e3 03 8b 5b 24 48 c1 e3 03 48 8b 5b
0x000001b516c40f44:   10 48 85 db 0f 84 10 00 00 00 41 80 bf d8 05 00
0x000001b516c40f54:   00 00 74 03 ff 63 38 ff 63 50 e9 9d 16 00 00 66
0x000001b516c40f64:   66 66 0f 1f 84 00 00 00 00 00 66 66 66 90 66 66
0x000001b516c40f74:   0f 1f 84 00 00 00 00 00 66 66 66 90 48 8b 53 08
0x000001b516c40f84:   0f b7 52 2e 48 8b 0c d4 58 5b 50 44 8b 51 08 49
0x000001b516c40f94:   bb 00 00 00 22 b5 01 00 00 4d 03 d3 4c 8b 5b 10
0x000001b516c40fa4:   4b 8b 9c da c0 01 00 00 48 85 db 0f 84 10 00 00
0x000001b516c40fb4:   00 41 80 bf d8 05 00 00 00 74 03 ff 63 38 ff 63
0x000001b516c40fc4:   50 e9 36 16 00 00 66 66 66 0f 1f 84 00 00 00 00
0x000001b516c40fd4:   00 66 66 66 90 0f 1f 80 00 00 00 00 58 5b 50 8b
0x000001b516c40fe4:   5b 24 48 c1 e3 03 48 8b 5b 10 48 85 db 0f 84 10
0x000001b516c40ff4:   00 00 00 41 80 bf d8 05 00 00 00 74 03 ff 63 38
0x000001b516c41004:   ff 63 50 e9 f4 15 00 00 66 66 66 0f 1f 84 00 00
0x000001b516c41014:   00 00 00 66 66 66 90 0f 1f 44 00 00 48 8b 53 08
0x000001b516c41024:   0f b7 52 2e 48 8b 0c d4 58 5b 50 48 3b 01 8b 5b
0x000001b516c41034:   24 48 c1 e3 03 48 8b 5b 10 48 85 db 0f 84 10 00
0x000001b516c41044:   00 00 41 80 bf d8 05 00 00 00 74 03 ff 63 38 ff
0x000001b516c41054:   63 50 e9 a5 15 00 00 0f 1f 44 00 00 48 8b 53 08
0x000001b516c41064:   0f b7 52 2e 48 8b 0c d4 58 5b 50 44 8b 51 08 49
0x000001b516c41074:   bb 00 00 00 22 b5 01 00 00 4d 03 d3 8b 43 18 48
0x000001b516c41084:   c1 e0 03 48 8b 40 10 48 8b 5b 10 45 8b 9a a0 00
0x000001b516c41094:   00 00 4f 8d 9c da c0 01 00 00 4d 8d 14 da 49 8b 


Stack slot to memory mapping:

stack at sp + 0 slots: 0x000001b516c1958b is at code_begin+4363 in an Interpreter codelet
return entry points  [0x000001b516c18480, 0x000001b516c1a298]  7704 bytes
stack at sp + 1 slots: 0x000000071f3aa348 is an oop: com.maan.eway.req.FactorRateDetailsGetReq 
{0x000000071f3aa348} - klass: 'com/maan/eway/req/FactorRateDetailsGetReq'
 - ---- fields (total size 3 words):
 - private 'requestReferenceNo' 'Ljava/lang/String;' @12  "PIN-AAC-40043"{0x000000071f3aa3a8} (0xe3e75475)
 - private 'insuranceId' 'Ljava/lang/String;' @16  "100050"{0x000000071f3aa3f8} (0xe3e7547f)
 - private 'productId' 'Ljava/lang/String;' @20  "70"{0x000000071f3aa360} (0xe3e7546c)
stack at sp + 2 slots: 0x000000070f74d418 is an oop: com.maan.eway.service.impl.FactorRateRequestDetailsServiceImpl 
{0x000000070f74d418} - klass: 'com/maan/eway/service/impl/FactorRateRequestDetailsServiceImpl'
 - ---- fields (total size 16 words):
 - private 'BuildingRepo' 'Lcom/maan/eway/repository/BuildingDetailsRepository;' @12  a 'jdk/proxy2/$Proxy213'{0x000000070dcd69f8} (0xe1b9ad3f)
 - private 'repository' 'Lcom/maan/eway/repository/FactorRateRequestDetailsRepository;' @16  a 'jdk/proxy2/$Proxy220'{0x000000070da5db18} (0xe1b4bb63)
 - private 'eserMotorRepo' 'Lcom/maan/eway/repository/EServiceMotorDetailsRepository;' @20  a 'jdk/proxy2/$Proxy206'{0x000000070cc58258} (0xe198b04b)
 - private 'eserTraRepo' 'Lcom/maan/eway/repository/EserviceTravelDetailsRepository;' @24  a 'jdk/proxy2/$Proxy208'{0x000000070cefac58} (0xe19df58b)
 - private 'eserGroupRepo' 'Lcom/maan/eway/repository/EserviceTravelGroupDetailsRepository;' @28  a 'jdk/proxy2/$Proxy270'{0x000000070e954540} (0xe1d2a8a8)
 - private 'eserBuildRepo' 'Lcom/maan/eway/repository/EserviceBuildingDetailsRepository;' @32  a 'jdk/proxy2/$Proxy207'{0x000000070cf4c458} (0xe19e988b)
 - private 'eserSecRepo' 'Lcom/maan/eway/repository/EServiceSectionDetailsRepository;' @36  a 'jdk/proxy2/$Proxy202'{0x000000070cd532f0} (0xe19aa65e)
 - private 'eserCommonRepo' 'Lcom/maan/eway/repository/EserviceCommonDetailsRepository;' @40  a 'jdk/proxy2/$Proxy209'{0x000000070cc974f0} (0xe1992e9e)
 - private 'ewayFactorRepo' 'Lcom/maan/eway/repository/EwayFactorDetailsRepository;' @44  a 'jdk/proxy2/$Proxy185'{0x000000070a04be68} (0xe14097cd)
 - private 'ewayFactorResultRepo' 'Lcom/maan/eway/repository/EwayFactorResultDetailRepository;' @48  a 'jdk/proxy2/$Proxy186'{0x000000070a0c0838} (0xe1418107)
 - private 'msPolicyRepo' 'Lcom/maan/eway/repository/MsPolicyDetailsRepository;' @52  a 'jdk/proxy2/$Proxy309'{0x000000070f5be2b0} (0xe1eb7c56)
 - private 'masReferralRepo' 'Lcom/maan/eway/repository/MasterReferralDetailsRepository;' @56  a 'jdk/proxy2/$Proxy310'{0x000000070f74d498} (0xe1ee9a93)
 - private 'homeRepo' 'Lcom/maan/eway/repository/HomePositionMasterRepository;' @60  a 'jdk/proxy2/$Proxy189'{0x000000070cf4c3f0} (0xe19e987e)
 - private 'uwReferalRepo' 'Lcom/maan/eway/repository/UwQuestionsDetailsRepository;' @64  a 'jdk/proxy2/$Proxy311'{0x000000070f771d80} (0xe1eee3b0)
 - private 'uwReferalDetailsRepo' 'Lcom/maan/eway/repository/UWReferralDetailsRepository;' @68  a 'jdk/proxy2/$Proxy312'{0x000000070f81cd18} (0xe1f039a3)
 - private 'travelProductId' 'Ljava/lang/String;' @72  "4"{0x000000070cc58228} (0xe198b045)
 - private 'calcEngine' 'Lcom/maan/eway/service/CalculatorEngine;' @76  a 'jdk/proxy2/$Proxy274'{0x000000070f837820} (0xe1f06f04)
 - private 'facRateRepo' 'Lcom/maan/eway/repository/FactorRateRequestDetailsRepository;' @80  a 'jdk/proxy2/$Proxy220'{0x000000070da5db18} (0xe1b4bb63)
 - private 'em' 'Ljakarta/persistence/EntityManager;' @84  a 'jdk/proxy2/$Proxy161'{0x000000070f837960} (0xe1f06f2c)
 - private 'emiRepo' 'Lcom/maan/eway/repository/EmiTransactionDetailsRepository;' @88  a 'jdk/proxy2/$Proxy259'{0x00000007075a0ff0} (0xe0eb41fe)
 - private 'referal' 'Lcom/maan/eway/service/impl/referal/ReferalServiceImpl;' @92  a 'com/maan/eway/service/impl/referal/ReferalServiceImpl'{0x000000070f8379a8} (0xe1f06f35)
 - private 'ratingutil' 'Lcom/maan/eway/calculator/util/RatingFactorsUtil;' @96  a 'com/maan/eway/calculator/util/RatingFactorsUtil$$SpringCGLIB$$0'{0x000000070cff5468} (0xe19fea8d)
 - private 'motorRepo' 'Lcom/maan/eway/repository/MotorDataDetailsRepository;' @100  a 'jdk/proxy2/$Proxy211'{0x000000070ce52c50} (0xe19ca58a)
 - private 'emiMasterRepo' 'Lcom/maan/eway/repository/EmiMasterRepository;' @104  a 'jdk/proxy2/$Proxy313'{0x000000070f70d788} (0xe1ee1af1)
 - private 'log' 'Lorg/apache/logging/log4j/Logger;' @108  a 'org/apache/logging/slf4j/SLF4JLogger'{0x000000070f8379c0} (0xe1f06f38)
 - private 'policyCoverEndtRepo' 'Lcom/maan/eway/repository/PolicyCoverDataEndtRepository;' @112  a 'jdk/proxy2/$Proxy314'{0x000000070f7d4440} (0xe1efa888)
 - private 'endtTypeRepo' 'Lcom/maan/eway/repository/EndtTypeMasterRepository;' @116  a 'jdk/proxy2/$Proxy245'{0x000000070c5cdfc8} (0xe18b9bf9)
 - private 'coverDataRepo' 'Lcom/maan/eway/repository/PolicyCoverDataRepository;' @120  a 'jdk/proxy2/$Proxy204'{0x000000070d184358} (0xe1a3086b)
stack at sp + 3 slots: 0x0000007ed48f8810 is pointing into the stack for thread: 0x000001b56fe70f80
stack at sp + 4 slots: 0x000001b5646ec276 is pointing into metadata
stack at sp + 5 slots: 0x0000000000000006 is an unknown value
stack at sp + 6 slots: 0x000001b5646ec3c8 is pointing into metadata
stack at sp + 7 slots: 0x0000007ed48f88f8 is pointing into the stack for thread: 0x000001b56fe70f80

MethodHandle::interpreter_entry::_linkToVirtual [0x000001b516c40f63, 0x000001b516c40fca] (103 bytes)
[MachCode]
  0x000001b516c40f63: 6666 660f | 1f84 0000 | 0000 0066 | 6666 9066 | 660f 1f84 | 0000 0000 | 0066 6666 | 9048 8b53 
  0x000001b516c40f83: 080f b752 | 2e48 8b0c | d458 5b50 | 448b 5108 | 49bb 0000 | 0022 b501 | 0000 4d03 | d34c 8b5b 
  0x000001b516c40fa3: 104b 8b9c | dac0 0100 | 0048 85db | 0f84 1000 | 0000 4180 | bfd8 0500 | 0000 7403 | ff63 38ff 
  0x000001b516c40fc3: 6350 e936 | 
[/MachCode]

---------------  P R O C E S S  ---------------

Threads class SMR info:
_java_thread_list=0x000001b570f57f30, length=42, elements={
0x000001b52148d1b0, 0x000001b52148f820, 0x000001b521492480, 0x000001b521493ea0,
0x000001b5217d8090, 0x000001b5217d8c20, 0x000001b5217e93c0, 0x000001b52192a3a0,
0x000001b5219be260, 0x000001b5219c2750, 0x000001b5219c8df0, 0x000001b5676c8970,
0x000001b5678a2880, 0x000001b5678d2d70, 0x000001b567985060, 0x000001b567e0dc60,
0x000001b567e0e2c0, 0x000001b567e55250, 0x000001b569c895f0, 0x000001b569c89c80,
0x000001b56f4852e0, 0x000001b56f485970, 0x000001b56f486000, 0x000001b56fe6c0c0,
0x000001b56fe70f80, 0x000001b56fe729c0, 0x000001b56fe72330, 0x000001b56fe73050,
0x000001b56fe6fbd0, 0x000001b56fe736e0, 0x000001b56fe70260, 0x000001b56fe708f0,
0x000001b56fe71610, 0x000001b56f483f30, 0x000001b56f486d20, 0x000001b56f489b10,
0x000001b570b11770, 0x000001b568cd13c0, 0x000001b568cd1a50, 0x000001b5753795b0,
0x000001b575378f20, 0x000001b5753113c0
}

Java Threads: ( => current thread )
  0x000001b52148d1b0 JavaThread "Reference Handler"          daemon [_thread_blocked, id=16964, stack(0x0000007ed2100000,0x0000007ed2200000) (1024K)]
  0x000001b52148f820 JavaThread "Finalizer"                  daemon [_thread_blocked, id=13412, stack(0x0000007ed2200000,0x0000007ed2300000) (1024K)]
  0x000001b521492480 JavaThread "Signal Dispatcher"          daemon [_thread_blocked, id=18816, stack(0x0000007ed2300000,0x0000007ed2400000) (1024K)]
  0x000001b521493ea0 JavaThread "Attach Listener"            daemon [_thread_blocked, id=12260, stack(0x0000007ed2400000,0x0000007ed2500000) (1024K)]
  0x000001b5217d8090 JavaThread "Service Thread"             daemon [_thread_blocked, id=9568, stack(0x0000007ed2500000,0x0000007ed2600000) (1024K)]
  0x000001b5217d8c20 JavaThread "Monitor Deflation Thread"   daemon [_thread_blocked, id=15332, stack(0x0000007ed2600000,0x0000007ed2700000) (1024K)]
  0x000001b5217e93c0 JavaThread "C1 CompilerThread0"         daemon [_thread_blocked, id=3012, stack(0x0000007ed2700000,0x0000007ed2800000) (1024K)]
  0x000001b52192a3a0 JavaThread "Common-Cleaner"             daemon [_thread_blocked, id=17936, stack(0x0000007ed2800000,0x0000007ed2900000) (1024K)]
  0x000001b5219be260 JavaThread "JDWP Transport Listener: dt_socket" daemon [_thread_blocked, id=18388, stack(0x0000007ed2c00000,0x0000007ed2d00000) (1024K)]
  0x000001b5219c2750 JavaThread "JDWP Event Helper Thread"   daemon [_thread_blocked, id=15572, stack(0x0000007ed2d00000,0x0000007ed2e00000) (1024K)]
  0x000001b5219c8df0 JavaThread "JDWP Command Reader"        daemon [_thread_in_native, id=18884, stack(0x0000007ed2e00000,0x0000007ed2f00000) (1024K)]
  0x000001b5676c8970 JavaThread "Notification Thread"        daemon [_thread_blocked, id=9672, stack(0x0000007ed2f00000,0x0000007ed3000000) (1024K)]
  0x000001b5678a2880 JavaThread "RMI TCP Accept-0"           daemon [_thread_in_native, id=17572, stack(0x0000007ed3600000,0x0000007ed3700000) (1024K)]
  0x000001b5678d2d70 JavaThread "RMI TCP Accept-63379"       daemon [_thread_in_native, id=11480, stack(0x0000007ed3700000,0x0000007ed3800000) (1024K)]
  0x000001b567985060 JavaThread "RMI TCP Accept-0"           daemon [_thread_in_native, id=12220, stack(0x0000007ed3800000,0x0000007ed3900000) (1024K)]
  0x000001b567e0dc60 JavaThread "RMI Scheduler(0)"           daemon [_thread_blocked, id=18624, stack(0x0000007ed3b00000,0x0000007ed3c00000) (1024K)]
  0x000001b567e0e2c0 JavaThread "RMI TCP Connection(idle)"   daemon [_thread_blocked, id=4700, stack(0x0000007ed3c00000,0x0000007ed3d00000) (1024K)]
  0x000001b567e55250 JavaThread "JMX server connection timeout 38" daemon [_thread_blocked, id=17984, stack(0x0000007ed3d00000,0x0000007ed3e00000) (1024K)]
  0x000001b569c895f0 JavaThread "mysql-cj-abandoned-connection-cleanup" daemon [_thread_blocked, id=15664, stack(0x0000007ed3e00000,0x0000007ed3f00000) (1024K)]
  0x000001b569c89c80 JavaThread "HikariPool-1 housekeeper"   daemon [_thread_blocked, id=4888, stack(0x0000007ed4100000,0x0000007ed4200000) (1024K)]
  0x000001b56f4852e0 JavaThread "Catalina-utility-1"                [_thread_blocked, id=19080, stack(0x0000007ed4200000,0x0000007ed4300000) (1024K)]
  0x000001b56f485970 JavaThread "Catalina-utility-2"                [_thread_blocked, id=18744, stack(0x0000007ed4300000,0x0000007ed4400000) (1024K)]
  0x000001b56f486000 JavaThread "container-0"                       [_thread_blocked, id=18220, stack(0x0000007ed4400000,0x0000007ed4500000) (1024K)]
  0x000001b56fe6c0c0 JavaThread "http-nio-8086-exec-1"       daemon [_thread_blocked, id=18568, stack(0x0000007ed4700000,0x0000007ed4800000) (1024K)]
=>0x000001b56fe70f80 JavaThread "http-nio-8086-exec-2"       daemon [_thread_in_Java, id=7936, stack(0x0000007ed4800000,0x0000007ed4900000) (1024K)]
  0x000001b56fe729c0 JavaThread "http-nio-8086-exec-3"       daemon [_thread_blocked, id=15436, stack(0x0000007ed4900000,0x0000007ed4a00000) (1024K)]
  0x000001b56fe72330 JavaThread "http-nio-8086-exec-4"       daemon [_thread_blocked, id=10380, stack(0x0000007ed4a00000,0x0000007ed4b00000) (1024K)]
  0x000001b56fe73050 JavaThread "http-nio-8086-exec-5"       daemon [_thread_blocked, id=17260, stack(0x0000007ed4b00000,0x0000007ed4c00000) (1024K)]
  0x000001b56fe6fbd0 JavaThread "http-nio-8086-exec-6"       daemon [_thread_blocked, id=14880, stack(0x0000007ed4c00000,0x0000007ed4d00000) (1024K)]
  0x000001b56fe736e0 JavaThread "http-nio-8086-exec-7"       daemon [_thread_blocked, id=12476, stack(0x0000007ed4d00000,0x0000007ed4e00000) (1024K)]
  0x000001b56fe70260 JavaThread "http-nio-8086-exec-8"       daemon [_thread_blocked, id=17400, stack(0x0000007ed4e00000,0x0000007ed4f00000) (1024K)]
  0x000001b56fe708f0 JavaThread "http-nio-8086-exec-9"       daemon [_thread_blocked, id=12508, stack(0x0000007ed4f00000,0x0000007ed5000000) (1024K)]
  0x000001b56fe71610 JavaThread "http-nio-8086-exec-10"      daemon [_thread_blocked, id=19256, stack(0x0000007ed5000000,0x0000007ed5100000) (1024K)]
  0x000001b56f483f30 JavaThread "http-nio-8086-Poller"       daemon [_thread_in_native, id=14220, stack(0x0000007ed5100000,0x0000007ed5200000) (1024K)]
  0x000001b56f486d20 JavaThread "http-nio-8086-Acceptor"     daemon [_thread_in_native, id=17012, stack(0x0000007ed5200000,0x0000007ed5300000) (1024K)]
  0x000001b56f489b10 JavaThread "scheduling-1"                      [_thread_blocked, id=6736, stack(0x0000007ed5300000,0x0000007ed5400000) (1024K)]
  0x000001b570b11770 JavaThread "DestroyJavaVM"                     [_thread_blocked, id=15044, stack(0x0000007ed1900000,0x0000007ed1a00000) (1024K)]
  0x000001b568cd13c0 JavaThread "cache2k-scheduler"          daemon [_thread_blocked, id=19276, stack(0x0000007ed2900000,0x0000007ed2a00000) (1024K)]
  0x000001b568cd1a50 JavaThread "cache2k-scheduler"          daemon [_thread_blocked, id=5976, stack(0x0000007ed2a00000,0x0000007ed2b00000) (1024K)]
  0x000001b5753795b0 JavaThread "ForkJoinPool.commonPool-worker-3" daemon [_thread_blocked, id=2900, stack(0x0000007ed1800000,0x0000007ed1900000) (1024K)]
  0x000001b575378f20 JavaThread "Keep-Alive-Timer"           daemon [_thread_blocked, id=8512, stack(0x0000007ed4500000,0x0000007ed4600000) (1024K)]
  0x000001b5753113c0 JavaThread "ForkJoinPool.commonPool-worker-5" daemon [_thread_blocked, id=10492, stack(0x0000007ed1600000,0x0000007ed1700000) (1024K)]
Total: 42

Other Threads:
  0x000001b521470c20 VMThread "VM Thread"                           [id=9348, stack(0x0000007ed2000000,0x0000007ed2100000) (1024K)]
  0x000001b5214604a0 WatcherThread "VM Periodic Task Thread"        [id=10920, stack(0x0000007ed1f00000,0x0000007ed2000000) (1024K)]
  0x000001b513307be0 WorkerThread "GC Thread#0"                     [id=1772, stack(0x0000007ed1a00000,0x0000007ed1b00000) (1024K)]
  0x000001b5676c2f70 WorkerThread "GC Thread#1"                     [id=18188, stack(0x0000007ed3000000,0x0000007ed3100000) (1024K)]
  0x000001b5676d58f0 WorkerThread "GC Thread#2"                     [id=16868, stack(0x0000007ed3100000,0x0000007ed3200000) (1024K)]
  0x000001b5676d5c90 WorkerThread "GC Thread#3"                     [id=12144, stack(0x0000007ed3200000,0x0000007ed3300000) (1024K)]
  0x000001b5676d6030 WorkerThread "GC Thread#4"                     [id=17264, stack(0x0000007ed3300000,0x0000007ed3400000) (1024K)]
  0x000001b5676d63d0 WorkerThread "GC Thread#5"                     [id=13716, stack(0x0000007ed3400000,0x0000007ed3500000) (1024K)]
  0x000001b56770bed0 WorkerThread "GC Thread#6"                     [id=2284, stack(0x0000007ed3500000,0x0000007ed3600000) (1024K)]
  0x000001b56794d020 WorkerThread "GC Thread#7"                     [id=10564, stack(0x0000007ed3900000,0x0000007ed3a00000) (1024K)]
  0x000001b513318a40 ConcurrentGCThread "G1 Main Marker"            [id=10856, stack(0x0000007ed1b00000,0x0000007ed1c00000) (1024K)]
  0x000001b51331b7c0 WorkerThread "G1 Conc#0"                       [id=19096, stack(0x0000007ed1c00000,0x0000007ed1d00000) (1024K)]
  0x000001b567db73f0 WorkerThread "G1 Conc#1"                       [id=16408, stack(0x0000007ed3f00000,0x0000007ed4000000) (1024K)]
  0x000001b521327870 ConcurrentGCThread "G1 Refine#0"               [id=16660, stack(0x0000007ed1d00000,0x0000007ed1e00000) (1024K)]
  0x000001b521327ca0 ConcurrentGCThread "G1 Service"                [id=3244, stack(0x0000007ed1e00000,0x0000007ed1f00000) (1024K)]
Total: 15

Threads with active compile tasks:
Total: 0

VM state: not at safepoint (normal execution)

VM Mutex/Monitor currently owned by a thread: None

Heap address: 0x0000000701e00000, size: 4066 MB, Compressed Oops mode: Zero based, Oop shift amount: 3

CDS archive(s) mapped at: [0x000001b522000000-0x000001b522c80000-0x000001b522c80000), size 13107200, SharedBaseAddress: 0x000001b522000000, ArchiveRelocationMode: 1.
Compressed class space mapped at: 0x000001b523000000-0x000001b563000000, reserved size: 1073741824
Narrow klass base: 0x000001b522000000, Narrow klass shift: 0, Narrow klass range: 0x100000000

GC Precious Log:
 CardTable entry size: 512
 Card Set container configuration: InlinePtr #cards 4 size 8 Array Of Cards #cards 16 size 48 Howl #buckets 8 coarsen threshold 3686 Howl Bitmap #cards 512 size 80 coarsen threshold 460 Card regions per heap region 1 cards per card region 4096
 CPUs: 8 total, 8 available
 Memory: 16263M
 Large Page Support: Disabled
 NUMA Support: Disabled
 Compressed Oops: Enabled (Zero based)
 Heap Region Size: 2M
 Heap Min Capacity: 8M
 Heap Initial Capacity: 256M
 Heap Max Capacity: 4066M
 Pre-touch: Disabled
 Parallel Workers: 8
 Concurrent Workers: 2
 Concurrent Refinement Workers: 8
 Periodic GC: Disabled

Heap:
 garbage-first heap   total 563200K, used 418010K [0x0000000701e00000, 0x0000000800000000)
  region size 2048K, 52 young (106496K), 8 survivors (16384K)
 Metaspace       used 150048K, committed 152448K, reserved 1245184K
  class space    used 16917K, committed 17792K, reserved 1048576K

Heap Regions: E=young(eden), S=young(survivor), O=old, HS=humongous(starts), HC=humongous(continues), CS=collection set, F=free, TAMS=top-at-mark-start, PB=parsable bottom
|   0|0x0000000701e00000, 0x0000000702000000, 0x0000000702000000|100%| O|  |TAMS 0x0000000701e00000| PB 0x0000000701e00000| Untracked 
|   1|0x0000000702000000, 0x0000000702200000, 0x0000000702200000|100%| O|  |TAMS 0x0000000702000000| PB 0x0000000702000000| Untracked 
|   2|0x0000000702200000, 0x0000000702400000, 0x0000000702400000|100%| O|  |TAMS 0x0000000702200000| PB 0x0000000702200000| Untracked 
|   3|0x0000000702400000, 0x0000000702600000, 0x0000000702600000|100%| O|  |TAMS 0x0000000702400000| PB 0x0000000702400000| Untracked 
|   4|0x0000000702600000, 0x0000000702800000, 0x0000000702800000|100%| O|  |TAMS 0x0000000702600000| PB 0x0000000702600000| Untracked 
|   5|0x0000000702800000, 0x0000000702a00000, 0x0000000702a00000|100%| O|  |TAMS 0x0000000702800000| PB 0x0000000702800000| Untracked 
|   6|0x0000000702a00000, 0x0000000702c00000, 0x0000000702c00000|100%| O|Cm|TAMS 0x0000000702a00000| PB 0x0000000702a00000| Complete 
|   7|0x0000000702c00000, 0x0000000702e00000, 0x0000000702e00000|100%| O|  |TAMS 0x0000000702c00000| PB 0x0000000702c00000| Untracked 
|   8|0x0000000702e00000, 0x0000000703000000, 0x0000000703000000|100%| O|  |TAMS 0x0000000702e00000| PB 0x0000000702e00000| Untracked 
|   9|0x0000000703000000, 0x0000000703200000, 0x0000000703200000|100%| O|  |TAMS 0x0000000703000000| PB 0x0000000703000000| Untracked 
|  10|0x0000000703200000, 0x0000000703400000, 0x0000000703400000|100%| O|  |TAMS 0x0000000703200000| PB 0x0000000703200000| Untracked 
|  11|0x0000000703400000, 0x0000000703600000, 0x0000000703600000|100%| O|Cm|TAMS 0x0000000703400000| PB 0x0000000703400000| Complete 
|  12|0x0000000703600000, 0x0000000703800000, 0x0000000703800000|100%| O|Cm|TAMS 0x0000000703600000| PB 0x0000000703600000| Complete 
|  13|0x0000000703800000, 0x0000000703a00000, 0x0000000703a00000|100%| O|Cm|TAMS 0x0000000703800000| PB 0x0000000703800000| Complete 
|  14|0x0000000703a00000, 0x0000000703c00000, 0x0000000703c00000|100%| O|Cm|TAMS 0x0000000703a00000| PB 0x0000000703a00000| Complete 
|  15|0x0000000703c00000, 0x0000000703e00000, 0x0000000703e00000|100%| O|Cm|TAMS 0x0000000703c00000| PB 0x0000000703c00000| Complete 
|  16|0x0000000703e00000, 0x0000000704000000, 0x0000000704000000|100%| O|Cm|TAMS 0x0000000703e00000| PB 0x0000000703e00000| Complete 
|  17|0x0000000704000000, 0x0000000704200000, 0x0000000704200000|100%| O|Cm|TAMS 0x0000000704000000| PB 0x0000000704000000| Complete 
|  18|0x0000000704200000, 0x0000000704400000, 0x0000000704400000|100%| O|Cm|TAMS 0x0000000704200000| PB 0x0000000704200000| Complete 
|  19|0x0000000704400000, 0x0000000704600000, 0x0000000704600000|100%| O|Cm|TAMS 0x0000000704400000| PB 0x0000000704400000| Complete 
|  20|0x0000000704600000, 0x0000000704800000, 0x0000000704800000|100%| O|Cm|TAMS 0x0000000704600000| PB 0x0000000704600000| Complete 
|  21|0x0000000704800000, 0x0000000704a00000, 0x0000000704a00000|100%| O|Cm|TAMS 0x0000000704800000| PB 0x0000000704800000| Complete 
|  22|0x0000000704a00000, 0x0000000704c00000, 0x0000000704c00000|100%| O|Cm|TAMS 0x0000000704a00000| PB 0x0000000704a00000| Complete 
|  23|0x0000000704c00000, 0x0000000704e00000, 0x0000000704e00000|100%| O|Cm|TAMS 0x0000000704c00000| PB 0x0000000704c00000| Complete 
|  24|0x0000000704e00000, 0x0000000705000000, 0x0000000705000000|100%| O|Cm|TAMS 0x0000000704e00000| PB 0x0000000704e00000| Complete 
|  25|0x0000000705000000, 0x0000000705200000, 0x0000000705200000|100%| O|Cm|TAMS 0x0000000705000000| PB 0x0000000705000000| Complete 
|  26|0x0000000705200000, 0x0000000705400000, 0x0000000705400000|100%| O|Cm|TAMS 0x0000000705200000| PB 0x0000000705200000| Complete 
|  27|0x0000000705400000, 0x0000000705600000, 0x0000000705600000|100%| O|Cm|TAMS 0x0000000705400000| PB 0x0000000705400000| Complete 
|  28|0x0000000705600000, 0x0000000705800000, 0x0000000705800000|100%| O|  |TAMS 0x0000000705600000| PB 0x0000000705600000| Untracked 
|  29|0x0000000705800000, 0x0000000705a00000, 0x0000000705a00000|100%| O|  |TAMS 0x0000000705800000| PB 0x0000000705800000| Untracked 
|  30|0x0000000705a00000, 0x0000000705c00000, 0x0000000705c00000|100%| O|  |TAMS 0x0000000705a00000| PB 0x0000000705a00000| Untracked 
|  31|0x0000000705c00000, 0x0000000705e00000, 0x0000000705e00000|100%| O|Cm|TAMS 0x0000000705c00000| PB 0x0000000705c00000| Complete 
|  32|0x0000000705e00000, 0x0000000706000000, 0x0000000706000000|100%| O|  |TAMS 0x0000000705e00000| PB 0x0000000705e00000| Untracked 
|  33|0x0000000706000000, 0x0000000706200000, 0x0000000706200000|100%| O|  |TAMS 0x0000000706000000| PB 0x0000000706000000| Untracked 
|  34|0x0000000706200000, 0x0000000706400000, 0x0000000706400000|100%| O|  |TAMS 0x0000000706200000| PB 0x0000000706200000| Untracked 
|  35|0x0000000706400000, 0x0000000706600000, 0x0000000706600000|100%| O|  |TAMS 0x0000000706400000| PB 0x0000000706400000| Untracked 
|  36|0x0000000706600000, 0x0000000706800000, 0x0000000706800000|100%| O|Cm|TAMS 0x0000000706600000| PB 0x0000000706600000| Complete 
|  37|0x0000000706800000, 0x0000000706a00000, 0x0000000706a00000|100%| O|Cm|TAMS 0x0000000706800000| PB 0x0000000706800000| Complete 
|  38|0x0000000706a00000, 0x0000000706c00000, 0x0000000706c00000|100%| O|  |TAMS 0x0000000706a00000| PB 0x0000000706a00000| Untracked 
|  39|0x0000000706c00000, 0x0000000706e00000, 0x0000000706e00000|100%| O|  |TAMS 0x0000000706c00000| PB 0x0000000706c00000| Untracked 
|  40|0x0000000706e00000, 0x0000000707000000, 0x0000000707000000|100%| O|  |TAMS 0x0000000706e00000| PB 0x0000000706e00000| Untracked 
|  41|0x0000000707000000, 0x0000000707200000, 0x0000000707200000|100%| O|  |TAMS 0x0000000707000000| PB 0x0000000707000000| Untracked 
|  42|0x0000000707200000, 0x0000000707400000, 0x0000000707400000|100%| O|  |TAMS 0x0000000707200000| PB 0x0000000707200000| Untracked 
|  43|0x0000000707400000, 0x0000000707600000, 0x0000000707600000|100%| O|  |TAMS 0x0000000707400000| PB 0x0000000707400000| Untracked 
|  44|0x0000000707600000, 0x0000000707800000, 0x0000000707800000|100%| O|  |TAMS 0x0000000707600000| PB 0x0000000707600000| Untracked 
|  45|0x0000000707800000, 0x0000000707a00000, 0x0000000707a00000|100%| O|  |TAMS 0x0000000707800000| PB 0x0000000707800000| Untracked 
|  46|0x0000000707a00000, 0x0000000707c00000, 0x0000000707c00000|100%| O|  |TAMS 0x0000000707a00000| PB 0x0000000707a00000| Untracked 
|  47|0x0000000707c00000, 0x0000000707e00000, 0x0000000707e00000|100%| O|  |TAMS 0x0000000707c00000| PB 0x0000000707c00000| Untracked 
|  48|0x0000000707e00000, 0x0000000708000000, 0x0000000708000000|100%| O|  |TAMS 0x0000000707e00000| PB 0x0000000707e00000| Untracked 
|  49|0x0000000708000000, 0x0000000708200000, 0x0000000708200000|100%| O|  |TAMS 0x0000000708000000| PB 0x0000000708000000| Untracked 
|  50|0x0000000708200000, 0x0000000708400000, 0x0000000708400000|100%| O|  |TAMS 0x0000000708200000| PB 0x0000000708200000| Untracked 
|  51|0x0000000708400000, 0x0000000708600000, 0x0000000708600000|100%| O|  |TAMS 0x0000000708400000| PB 0x0000000708400000| Untracked 
|  52|0x0000000708600000, 0x0000000708800000, 0x0000000708800000|100%| O|  |TAMS 0x0000000708600000| PB 0x0000000708600000| Untracked 
|  53|0x0000000708800000, 0x0000000708a00000, 0x0000000708a00000|100%| O|Cm|TAMS 0x0000000708800000| PB 0x0000000708800000| Complete 
|  54|0x0000000708a00000, 0x0000000708c00000, 0x0000000708c00000|100%| O|  |TAMS 0x0000000708a00000| PB 0x0000000708a00000| Untracked 
|  55|0x0000000708c00000, 0x0000000708e00000, 0x0000000708e00000|100%| O|  |TAMS 0x0000000708c00000| PB 0x0000000708c00000| Untracked 
|  56|0x0000000708e00000, 0x0000000709000000, 0x0000000709000000|100%| O|  |TAMS 0x0000000708e00000| PB 0x0000000708e00000| Untracked 
|  57|0x0000000709000000, 0x0000000709200000, 0x0000000709200000|100%| O|  |TAMS 0x0000000709000000| PB 0x0000000709000000| Untracked 
|  58|0x0000000709200000, 0x0000000709400000, 0x0000000709400000|100%| O|  |TAMS 0x0000000709200000| PB 0x0000000709200000| Untracked 
|  59|0x0000000709400000, 0x0000000709600000, 0x0000000709600000|100%| O|  |TAMS 0x0000000709400000| PB 0x0000000709400000| Untracked 
|  60|0x0000000709600000, 0x0000000709800000, 0x0000000709800000|100%| O|  |TAMS 0x0000000709600000| PB 0x0000000709600000| Untracked 
|  61|0x0000000709800000, 0x0000000709a00000, 0x0000000709a00000|100%| O|  |TAMS 0x0000000709800000| PB 0x0000000709800000| Untracked 
|  62|0x0000000709a00000, 0x0000000709c00000, 0x0000000709c00000|100%| O|  |TAMS 0x0000000709a00000| PB 0x0000000709a00000| Untracked 
|  63|0x0000000709c00000, 0x0000000709e00000, 0x0000000709e00000|100%| O|  |TAMS 0x0000000709c00000| PB 0x0000000709c00000| Untracked 
|  64|0x0000000709e00000, 0x000000070a000000, 0x000000070a000000|100%| O|Cm|TAMS 0x0000000709e00000| PB 0x0000000709e00000| Complete 
|  65|0x000000070a000000, 0x000000070a200000, 0x000000070a200000|100%| O|  |TAMS 0x000000070a000000| PB 0x000000070a000000| Untracked 
|  66|0x000000070a200000, 0x000000070a400000, 0x000000070a400000|100%| O|  |TAMS 0x000000070a200000| PB 0x000000070a200000| Untracked 
|  67|0x000000070a400000, 0x000000070a600000, 0x000000070a600000|100%| O|  |TAMS 0x000000070a400000| PB 0x000000070a400000| Untracked 
|  68|0x000000070a600000, 0x000000070a800000, 0x000000070a800000|100%| O|  |TAMS 0x000000070a600000| PB 0x000000070a600000| Untracked 
|  69|0x000000070a800000, 0x000000070aa00000, 0x000000070aa00000|100%| O|  |TAMS 0x000000070a800000| PB 0x000000070a800000| Untracked 
|  70|0x000000070aa00000, 0x000000070ac00000, 0x000000070ac00000|100%| O|  |TAMS 0x000000070aa00000| PB 0x000000070aa00000| Untracked 
|  71|0x000000070ac00000, 0x000000070ae00000, 0x000000070ae00000|100%| O|  |TAMS 0x000000070ac00000| PB 0x000000070ac00000| Untracked 
|  72|0x000000070ae00000, 0x000000070b000000, 0x000000070b000000|100%| O|  |TAMS 0x000000070ae00000| PB 0x000000070ae00000| Untracked 
|  73|0x000000070b000000, 0x000000070b200000, 0x000000070b200000|100%| O|  |TAMS 0x000000070b000000| PB 0x000000070b000000| Untracked 
|  74|0x000000070b200000, 0x000000070b400000, 0x000000070b400000|100%| O|  |TAMS 0x000000070b200000| PB 0x000000070b200000| Untracked 
|  75|0x000000070b400000, 0x000000070b600000, 0x000000070b600000|100%| O|  |TAMS 0x000000070b400000| PB 0x000000070b400000| Untracked 
|  76|0x000000070b600000, 0x000000070b800000, 0x000000070b800000|100%| O|  |TAMS 0x000000070b600000| PB 0x000000070b600000| Untracked 
|  77|0x000000070b800000, 0x000000070ba00000, 0x000000070ba00000|100%| O|  |TAMS 0x000000070b800000| PB 0x000000070b800000| Untracked 
|  78|0x000000070ba00000, 0x000000070bc00000, 0x000000070bc00000|100%| O|  |TAMS 0x000000070ba00000| PB 0x000000070ba00000| Untracked 
|  79|0x000000070bc00000, 0x000000070be00000, 0x000000070be00000|100%| O|  |TAMS 0x000000070bc00000| PB 0x000000070bc00000| Untracked 
|  80|0x000000070be00000, 0x000000070c000000, 0x000000070c000000|100%| O|  |TAMS 0x000000070be00000| PB 0x000000070be00000| Untracked 
|  81|0x000000070c000000, 0x000000070c200000, 0x000000070c200000|100%| O|  |TAMS 0x000000070c000000| PB 0x000000070c000000| Untracked 
|  82|0x000000070c200000, 0x000000070c400000, 0x000000070c400000|100%| O|  |TAMS 0x000000070c200000| PB 0x000000070c200000| Untracked 
|  83|0x000000070c400000, 0x000000070c600000, 0x000000070c600000|100%| O|  |TAMS 0x000000070c400000| PB 0x000000070c400000| Untracked 
|  84|0x000000070c600000, 0x000000070c800000, 0x000000070c800000|100%| O|  |TAMS 0x000000070c600000| PB 0x000000070c600000| Untracked 
|  85|0x000000070c800000, 0x000000070ca00000, 0x000000070ca00000|100%| O|  |TAMS 0x000000070c800000| PB 0x000000070c800000| Untracked 
|  86|0x000000070ca00000, 0x000000070cc00000, 0x000000070cc00000|100%| O|  |TAMS 0x000000070ca00000| PB 0x000000070ca00000| Untracked 
|  87|0x000000070cc00000, 0x000000070ce00000, 0x000000070ce00000|100%| O|  |TAMS 0x000000070cc00000| PB 0x000000070cc00000| Untracked 
|  88|0x000000070ce00000, 0x000000070d000000, 0x000000070d000000|100%| O|  |TAMS 0x000000070ce00000| PB 0x000000070ce00000| Untracked 
|  89|0x000000070d000000, 0x000000070d200000, 0x000000070d200000|100%| O|  |TAMS 0x000000070d000000| PB 0x000000070d000000| Untracked 
|  90|0x000000070d200000, 0x000000070d400000, 0x000000070d400000|100%| O|  |TAMS 0x000000070d200000| PB 0x000000070d200000| Untracked 
|  91|0x000000070d400000, 0x000000070d600000, 0x000000070d600000|100%| O|  |TAMS 0x000000070d400000| PB 0x000000070d400000| Untracked 
|  92|0x000000070d600000, 0x000000070d800000, 0x000000070d800000|100%| O|  |TAMS 0x000000070d600000| PB 0x000000070d600000| Untracked 
|  93|0x000000070d800000, 0x000000070da00000, 0x000000070da00000|100%| O|  |TAMS 0x000000070d800000| PB 0x000000070d800000| Untracked 
|  94|0x000000070da00000, 0x000000070dc00000, 0x000000070dc00000|100%| O|  |TAMS 0x000000070da00000| PB 0x000000070da00000| Untracked 
|  95|0x000000070dc00000, 0x000000070de00000, 0x000000070de00000|100%| O|  |TAMS 0x000000070dc00000| PB 0x000000070dc00000| Untracked 
|  96|0x000000070de00000, 0x000000070e000000, 0x000000070e000000|100%| O|  |TAMS 0x000000070de00000| PB 0x000000070de00000| Untracked 
|  97|0x000000070e000000, 0x000000070e200000, 0x000000070e200000|100%| O|Cm|TAMS 0x000000070e000000| PB 0x000000070e000000| Complete 
|  98|0x000000070e200000, 0x000000070e400000, 0x000000070e400000|100%| O|  |TAMS 0x000000070e200000| PB 0x000000070e200000| Untracked 
|  99|0x000000070e400000, 0x000000070e600000, 0x000000070e600000|100%| O|  |TAMS 0x000000070e400000| PB 0x000000070e400000| Untracked 
| 100|0x000000070e600000, 0x000000070e800000, 0x000000070e800000|100%| O|Cm|TAMS 0x000000070e600000| PB 0x000000070e600000| Complete 
| 101|0x000000070e800000, 0x000000070ea00000, 0x000000070ea00000|100%| O|  |TAMS 0x000000070e800000| PB 0x000000070e800000| Untracked 
| 102|0x000000070ea00000, 0x000000070ec00000, 0x000000070ec00000|100%| O|  |TAMS 0x000000070ea00000| PB 0x000000070ea00000| Untracked 
| 103|0x000000070ec00000, 0x000000070ee00000, 0x000000070ee00000|100%| O|  |TAMS 0x000000070ec00000| PB 0x000000070ec00000| Untracked 
| 104|0x000000070ee00000, 0x000000070f000000, 0x000000070f000000|100%| O|Cm|TAMS 0x000000070ee00000| PB 0x000000070ee00000| Complete 
| 105|0x000000070f000000, 0x000000070f200000, 0x000000070f200000|100%| O|  |TAMS 0x000000070f000000| PB 0x000000070f000000| Untracked 
| 106|0x000000070f200000, 0x000000070f400000, 0x000000070f400000|100%| O|Cm|TAMS 0x000000070f200000| PB 0x000000070f200000| Complete 
| 107|0x000000070f400000, 0x000000070f600000, 0x000000070f600000|100%| O|  |TAMS 0x000000070f400000| PB 0x000000070f400000| Untracked 
| 108|0x000000070f600000, 0x000000070f800000, 0x000000070f800000|100%| O|  |TAMS 0x000000070f600000| PB 0x000000070f600000| Untracked 
| 109|0x000000070f800000, 0x000000070fa00000, 0x000000070fa00000|100%| O|  |TAMS 0x000000070f800000| PB 0x000000070f800000| Untracked 
| 110|0x000000070fa00000, 0x000000070fc00000, 0x000000070fc00000|100%| O|  |TAMS 0x000000070fa00000| PB 0x000000070fa00000| Untracked 
| 111|0x000000070fc00000, 0x000000070fe00000, 0x000000070fe00000|100%| O|  |TAMS 0x000000070fc00000| PB 0x000000070fc00000| Untracked 
| 112|0x000000070fe00000, 0x0000000710000000, 0x0000000710000000|100%| O|Cm|TAMS 0x000000070fe00000| PB 0x000000070fe00000| Complete 
| 113|0x0000000710000000, 0x0000000710200000, 0x0000000710200000|100%| O|  |TAMS 0x0000000710000000| PB 0x0000000710000000| Untracked 
| 114|0x0000000710200000, 0x0000000710400000, 0x0000000710400000|100%| O|  |TAMS 0x0000000710200000| PB 0x0000000710200000| Untracked 
| 115|0x0000000710400000, 0x0000000710600000, 0x0000000710600000|100%| O|Cm|TAMS 0x0000000710400000| PB 0x0000000710400000| Complete 
| 116|0x0000000710600000, 0x0000000710800000, 0x0000000710800000|100%| O|Cm|TAMS 0x0000000710600000| PB 0x0000000710600000| Complete 
| 117|0x0000000710800000, 0x0000000710a00000, 0x0000000710a00000|100%| O|  |TAMS 0x0000000710800000| PB 0x0000000710800000| Untracked 
| 118|0x0000000710a00000, 0x0000000710c00000, 0x0000000710c00000|100%| O|  |TAMS 0x0000000710a00000| PB 0x0000000710a00000| Untracked 
| 119|0x0000000710c00000, 0x0000000710e00000, 0x0000000710e00000|100%| O|  |TAMS 0x0000000710c00000| PB 0x0000000710c00000| Untracked 
| 120|0x0000000710e00000, 0x0000000711000000, 0x0000000711000000|100%| O|  |TAMS 0x0000000710e00000| PB 0x0000000710e00000| Untracked 
| 121|0x0000000711000000, 0x0000000711200000, 0x0000000711200000|100%| O|Cm|TAMS 0x0000000711000000| PB 0x0000000711000000| Complete 
| 122|0x0000000711200000, 0x0000000711400000, 0x0000000711400000|100%| O|Cm|TAMS 0x0000000711200000| PB 0x0000000711200000| Complete 
| 123|0x0000000711400000, 0x0000000711600000, 0x0000000711600000|100%| O|Cm|TAMS 0x0000000711400000| PB 0x0000000711400000| Complete 
| 124|0x0000000711600000, 0x0000000711800000, 0x0000000711800000|100%| O|Cm|TAMS 0x0000000711600000| PB 0x0000000711600000| Complete 
| 125|0x0000000711800000, 0x0000000711a00000, 0x0000000711a00000|100%| O|Cm|TAMS 0x0000000711800000| PB 0x0000000711800000| Complete 
| 126|0x0000000711a00000, 0x0000000711c00000, 0x0000000711c00000|100%| O|Cm|TAMS 0x0000000711a00000| PB 0x0000000711a00000| Complete 
| 127|0x0000000711c00000, 0x0000000711e00000, 0x0000000711e00000|100%| O|  |TAMS 0x0000000711c00000| PB 0x0000000711c00000| Untracked 
| 128|0x0000000711e00000, 0x0000000712000000, 0x0000000712000000|100%| O|Cm|TAMS 0x0000000711e00000| PB 0x0000000711e00000| Complete 
| 129|0x0000000712000000, 0x0000000712200000, 0x0000000712200000|100%| O|Cm|TAMS 0x0000000712000000| PB 0x0000000712000000| Complete 
| 130|0x0000000712200000, 0x0000000712400000, 0x0000000712400000|100%| O|  |TAMS 0x0000000712200000| PB 0x0000000712200000| Untracked 
| 131|0x0000000712400000, 0x0000000712600000, 0x0000000712600000|100%| O|Cm|TAMS 0x0000000712400000| PB 0x0000000712400000| Complete 
| 132|0x0000000712600000, 0x0000000712800000, 0x0000000712800000|100%| O|  |TAMS 0x0000000712600000| PB 0x0000000712600000| Untracked 
| 133|0x0000000712800000, 0x0000000712a00000, 0x0000000712a00000|100%| O|  |TAMS 0x0000000712800000| PB 0x0000000712800000| Untracked 
| 134|0x0000000712a00000, 0x0000000712c00000, 0x0000000712c00000|100%| O|  |TAMS 0x0000000712a00000| PB 0x0000000712a00000| Untracked 
| 135|0x0000000712c00000, 0x0000000712e00000, 0x0000000712e00000|100%| O|  |TAMS 0x0000000712c00000| PB 0x0000000712c00000| Untracked 
| 136|0x0000000712e00000, 0x0000000713000000, 0x0000000713000000|100%| O|  |TAMS 0x0000000712e00000| PB 0x0000000712e00000| Untracked 
| 137|0x0000000713000000, 0x0000000713200000, 0x0000000713200000|100%| O|  |TAMS 0x0000000713000000| PB 0x0000000713000000| Untracked 
| 138|0x0000000713200000, 0x0000000713400000, 0x0000000713400000|100%| O|  |TAMS 0x0000000713200000| PB 0x0000000713200000| Untracked 
| 139|0x0000000713400000, 0x0000000713600000, 0x0000000713600000|100%| O|Cm|TAMS 0x0000000713400000| PB 0x0000000713400000| Complete 
| 140|0x0000000713600000, 0x0000000713600000, 0x0000000713800000|  0%| F|  |TAMS 0x0000000713600000| PB 0x0000000713600000| Untracked 
| 141|0x0000000713800000, 0x0000000713800000, 0x0000000713a00000|  0%| F|  |TAMS 0x0000000713800000| PB 0x0000000713800000| Untracked 
| 142|0x0000000713a00000, 0x0000000713a00000, 0x0000000713c00000|  0%| F|  |TAMS 0x0000000713a00000| PB 0x0000000713a00000| Untracked 
| 143|0x0000000713c00000, 0x0000000713e00000, 0x0000000713e00000|100%| O|Cm|TAMS 0x0000000713c00000| PB 0x0000000713c00000| Complete 
| 144|0x0000000713e00000, 0x0000000713e00000, 0x0000000714000000|  0%| F|  |TAMS 0x0000000713e00000| PB 0x0000000713e00000| Untracked 
| 145|0x0000000714000000, 0x0000000714200000, 0x0000000714200000|100%| O|  |TAMS 0x0000000714000000| PB 0x0000000714000000| Untracked 
| 146|0x0000000714200000, 0x0000000714400000, 0x0000000714400000|100%| O|Cm|TAMS 0x0000000714200000| PB 0x0000000714200000| Complete 
| 147|0x0000000714400000, 0x0000000714600000, 0x0000000714600000|100%| O|Cm|TAMS 0x0000000714400000| PB 0x0000000714400000| Complete 
| 148|0x0000000714600000, 0x0000000714800000, 0x0000000714800000|100%| O|Cm|TAMS 0x0000000714600000| PB 0x0000000714600000| Complete 
| 149|0x0000000714800000, 0x0000000714a00000, 0x0000000714a00000|100%| O|Cm|TAMS 0x0000000714800000| PB 0x0000000714800000| Complete 
| 150|0x0000000714a00000, 0x0000000714a00000, 0x0000000714c00000|  0%| F|  |TAMS 0x0000000714a00000| PB 0x0000000714a00000| Untracked 
| 151|0x0000000714c00000, 0x0000000714c00000, 0x0000000714e00000|  0%| F|  |TAMS 0x0000000714c00000| PB 0x0000000714c00000| Untracked 
| 152|0x0000000714e00000, 0x0000000714e00000, 0x0000000715000000|  0%| F|  |TAMS 0x0000000714e00000| PB 0x0000000714e00000| Untracked 
| 153|0x0000000715000000, 0x0000000715200000, 0x0000000715200000|100%| O|  |TAMS 0x0000000715000000| PB 0x0000000715000000| Untracked 
| 154|0x0000000715200000, 0x0000000715400000, 0x0000000715400000|100%| O|  |TAMS 0x0000000715200000| PB 0x0000000715200000| Untracked 
| 155|0x0000000715400000, 0x0000000715600000, 0x0000000715600000|100%| O|Cm|TAMS 0x0000000715400000| PB 0x0000000715400000| Complete 
| 156|0x0000000715600000, 0x0000000715800000, 0x0000000715800000|100%| O|Cm|TAMS 0x0000000715600000| PB 0x0000000715600000| Complete 
| 157|0x0000000715800000, 0x0000000715a00000, 0x0000000715a00000|100%| O|Cm|TAMS 0x0000000715800000| PB 0x0000000715800000| Complete 
| 158|0x0000000715a00000, 0x0000000715c00000, 0x0000000715c00000|100%| O|Cm|TAMS 0x0000000715a00000| PB 0x0000000715a00000| Complete 
| 159|0x0000000715c00000, 0x0000000715e00000, 0x0000000715e00000|100%| O|Cm|TAMS 0x0000000715c00000| PB 0x0000000715c00000| Complete 
| 160|0x0000000715e00000, 0x0000000715f2ef00, 0x0000000716000000| 59%| O|  |TAMS 0x0000000715e00000| PB 0x0000000715e00000| Untracked 
| 161|0x0000000716000000, 0x0000000716000000, 0x0000000716200000|  0%| F|  |TAMS 0x0000000716000000| PB 0x0000000716000000| Untracked 
| 162|0x0000000716200000, 0x0000000716200000, 0x0000000716400000|  0%| F|  |TAMS 0x0000000716200000| PB 0x0000000716200000| Untracked 
| 163|0x0000000716400000, 0x0000000716400000, 0x0000000716600000|  0%| F|  |TAMS 0x0000000716400000| PB 0x0000000716400000| Untracked 
| 164|0x0000000716600000, 0x0000000716600000, 0x0000000716800000|  0%| F|  |TAMS 0x0000000716600000| PB 0x0000000716600000| Untracked 
| 165|0x0000000716800000, 0x0000000716800000, 0x0000000716a00000|  0%| F|  |TAMS 0x0000000716800000| PB 0x0000000716800000| Untracked 
| 166|0x0000000716a00000, 0x0000000716a00000, 0x0000000716c00000|  0%| F|  |TAMS 0x0000000716a00000| PB 0x0000000716a00000| Untracked 
| 167|0x0000000716c00000, 0x0000000716c00000, 0x0000000716e00000|  0%| F|  |TAMS 0x0000000716c00000| PB 0x0000000716c00000| Untracked 
| 168|0x0000000716e00000, 0x0000000716e00000, 0x0000000717000000|  0%| F|  |TAMS 0x0000000716e00000| PB 0x0000000716e00000| Untracked 
| 169|0x0000000717000000, 0x0000000717000000, 0x0000000717200000|  0%| F|  |TAMS 0x0000000717000000| PB 0x0000000717000000| Untracked 
| 170|0x0000000717200000, 0x0000000717200000, 0x0000000717400000|  0%| F|  |TAMS 0x0000000717200000| PB 0x0000000717200000| Untracked 
| 171|0x0000000717400000, 0x0000000717400000, 0x0000000717600000|  0%| F|  |TAMS 0x0000000717400000| PB 0x0000000717400000| Untracked 
| 172|0x0000000717600000, 0x0000000717600000, 0x0000000717800000|  0%| F|  |TAMS 0x0000000717600000| PB 0x0000000717600000| Untracked 
| 173|0x0000000717800000, 0x0000000717800000, 0x0000000717a00000|  0%| F|  |TAMS 0x0000000717800000| PB 0x0000000717800000| Untracked 
| 174|0x0000000717a00000, 0x0000000717a00000, 0x0000000717c00000|  0%| F|  |TAMS 0x0000000717a00000| PB 0x0000000717a00000| Untracked 
| 175|0x0000000717c00000, 0x0000000717c00000, 0x0000000717e00000|  0%| F|  |TAMS 0x0000000717c00000| PB 0x0000000717c00000| Untracked 
| 176|0x0000000717e00000, 0x0000000717e00000, 0x0000000718000000|  0%| F|  |TAMS 0x0000000717e00000| PB 0x0000000717e00000| Untracked 
| 177|0x0000000718000000, 0x0000000718000000, 0x0000000718200000|  0%| F|  |TAMS 0x0000000718000000| PB 0x0000000718000000| Untracked 
| 178|0x0000000718200000, 0x0000000718200000, 0x0000000718400000|  0%| F|  |TAMS 0x0000000718200000| PB 0x0000000718200000| Untracked 
| 179|0x0000000718400000, 0x0000000718400000, 0x0000000718600000|  0%| F|  |TAMS 0x0000000718400000| PB 0x0000000718400000| Untracked 
| 180|0x0000000718600000, 0x0000000718600000, 0x0000000718800000|  0%| F|  |TAMS 0x0000000718600000| PB 0x0000000718600000| Untracked 
| 181|0x0000000718800000, 0x0000000718800000, 0x0000000718a00000|  0%| F|  |TAMS 0x0000000718800000| PB 0x0000000718800000| Untracked 
| 182|0x0000000718a00000, 0x0000000718a00000, 0x0000000718c00000|  0%| F|  |TAMS 0x0000000718a00000| PB 0x0000000718a00000| Untracked 
| 183|0x0000000718c00000, 0x0000000718c00000, 0x0000000718e00000|  0%| F|  |TAMS 0x0000000718c00000| PB 0x0000000718c00000| Untracked 
| 184|0x0000000718e00000, 0x0000000718e00000, 0x0000000719000000|  0%| F|  |TAMS 0x0000000718e00000| PB 0x0000000718e00000| Untracked 
| 185|0x0000000719000000, 0x0000000719000000, 0x0000000719200000|  0%| F|  |TAMS 0x0000000719000000| PB 0x0000000719000000| Untracked 
| 186|0x0000000719200000, 0x0000000719200000, 0x0000000719400000|  0%| F|  |TAMS 0x0000000719200000| PB 0x0000000719200000| Untracked 
| 187|0x0000000719400000, 0x0000000719400000, 0x0000000719600000|  0%| F|  |TAMS 0x0000000719400000| PB 0x0000000719400000| Untracked 
| 188|0x0000000719600000, 0x0000000719600000, 0x0000000719800000|  0%| F|  |TAMS 0x0000000719600000| PB 0x0000000719600000| Untracked 
| 189|0x0000000719800000, 0x0000000719800000, 0x0000000719a00000|  0%| F|  |TAMS 0x0000000719800000| PB 0x0000000719800000| Untracked 
| 190|0x0000000719a00000, 0x0000000719a00000, 0x0000000719c00000|  0%| F|  |TAMS 0x0000000719a00000| PB 0x0000000719a00000| Untracked 
| 191|0x0000000719c00000, 0x0000000719c00000, 0x0000000719e00000|  0%| F|  |TAMS 0x0000000719c00000| PB 0x0000000719c00000| Untracked 
| 192|0x0000000719e00000, 0x0000000719e00000, 0x000000071a000000|  0%| F|  |TAMS 0x0000000719e00000| PB 0x0000000719e00000| Untracked 
| 193|0x000000071a000000, 0x000000071a000000, 0x000000071a200000|  0%| F|  |TAMS 0x000000071a000000| PB 0x000000071a000000| Untracked 
| 194|0x000000071a200000, 0x000000071a200000, 0x000000071a400000|  0%| F|  |TAMS 0x000000071a200000| PB 0x000000071a200000| Untracked 
| 195|0x000000071a400000, 0x000000071a400000, 0x000000071a600000|  0%| F|  |TAMS 0x000000071a400000| PB 0x000000071a400000| Untracked 
| 196|0x000000071a600000, 0x000000071a707ce0, 0x000000071a800000| 51%| S|CS|TAMS 0x000000071a600000| PB 0x000000071a600000| Complete 
| 197|0x000000071a800000, 0x000000071aa00000, 0x000000071aa00000|100%| S|CS|TAMS 0x000000071a800000| PB 0x000000071a800000| Complete 
| 198|0x000000071aa00000, 0x000000071ac00000, 0x000000071ac00000|100%| S|CS|TAMS 0x000000071aa00000| PB 0x000000071aa00000| Complete 
| 199|0x000000071ac00000, 0x000000071ae00000, 0x000000071ae00000|100%| S|CS|TAMS 0x000000071ac00000| PB 0x000000071ac00000| Complete 
| 200|0x000000071ae00000, 0x000000071b000000, 0x000000071b000000|100%| S|CS|TAMS 0x000000071ae00000| PB 0x000000071ae00000| Complete 
| 201|0x000000071b000000, 0x000000071b200000, 0x000000071b200000|100%| S|CS|TAMS 0x000000071b000000| PB 0x000000071b000000| Complete 
| 202|0x000000071b200000, 0x000000071b400000, 0x000000071b400000|100%| S|CS|TAMS 0x000000071b200000| PB 0x000000071b200000| Complete 
| 203|0x000000071b400000, 0x000000071b600000, 0x000000071b600000|100%| S|CS|TAMS 0x000000071b400000| PB 0x000000071b400000| Complete 
| 204|0x000000071b600000, 0x000000071b600000, 0x000000071b800000|  0%| F|  |TAMS 0x000000071b600000| PB 0x000000071b600000| Untracked 
| 205|0x000000071b800000, 0x000000071b800000, 0x000000071ba00000|  0%| F|  |TAMS 0x000000071b800000| PB 0x000000071b800000| Untracked 
| 206|0x000000071ba00000, 0x000000071ba00000, 0x000000071bc00000|  0%| F|  |TAMS 0x000000071ba00000| PB 0x000000071ba00000| Untracked 
| 207|0x000000071bc00000, 0x000000071bc00000, 0x000000071be00000|  0%| F|  |TAMS 0x000000071bc00000| PB 0x000000071bc00000| Untracked 
| 208|0x000000071be00000, 0x000000071be00000, 0x000000071c000000|  0%| F|  |TAMS 0x000000071be00000| PB 0x000000071be00000| Untracked 
| 209|0x000000071c000000, 0x000000071c000000, 0x000000071c200000|  0%| F|  |TAMS 0x000000071c000000| PB 0x000000071c000000| Untracked 
| 210|0x000000071c200000, 0x000000071c200000, 0x000000071c400000|  0%| F|  |TAMS 0x000000071c200000| PB 0x000000071c200000| Untracked 
| 211|0x000000071c400000, 0x000000071c400000, 0x000000071c600000|  0%| F|  |TAMS 0x000000071c400000| PB 0x000000071c400000| Untracked 
| 212|0x000000071c600000, 0x000000071c600000, 0x000000071c800000|  0%| F|  |TAMS 0x000000071c600000| PB 0x000000071c600000| Untracked 
| 213|0x000000071c800000, 0x000000071c800000, 0x000000071ca00000|  0%| F|  |TAMS 0x000000071c800000| PB 0x000000071c800000| Untracked 
| 214|0x000000071ca00000, 0x000000071ca00000, 0x000000071cc00000|  0%| F|  |TAMS 0x000000071ca00000| PB 0x000000071ca00000| Untracked 
| 215|0x000000071cc00000, 0x000000071cc00000, 0x000000071ce00000|  0%| F|  |TAMS 0x000000071cc00000| PB 0x000000071cc00000| Untracked 
| 216|0x000000071ce00000, 0x000000071ce00000, 0x000000071d000000|  0%| F|  |TAMS 0x000000071ce00000| PB 0x000000071ce00000| Untracked 
| 217|0x000000071d000000, 0x000000071d000000, 0x000000071d200000|  0%| F|  |TAMS 0x000000071d000000| PB 0x000000071d000000| Untracked 
| 218|0x000000071d200000, 0x000000071d200000, 0x000000071d400000|  0%| F|  |TAMS 0x000000071d200000| PB 0x000000071d200000| Untracked 
| 219|0x000000071d400000, 0x000000071d400000, 0x000000071d600000|  0%| F|  |TAMS 0x000000071d400000| PB 0x000000071d400000| Untracked 
| 220|0x000000071d600000, 0x000000071d600000, 0x000000071d800000|  0%| F|  |TAMS 0x000000071d600000| PB 0x000000071d600000| Untracked 
| 221|0x000000071d800000, 0x000000071d800000, 0x000000071da00000|  0%| F|  |TAMS 0x000000071d800000| PB 0x000000071d800000| Untracked 
| 222|0x000000071da00000, 0x000000071da00000, 0x000000071dc00000|  0%| F|  |TAMS 0x000000071da00000| PB 0x000000071da00000| Untracked 
| 223|0x000000071dc00000, 0x000000071dc00000, 0x000000071de00000|  0%| F|  |TAMS 0x000000071dc00000| PB 0x000000071dc00000| Untracked 
| 224|0x000000071de00000, 0x000000071de00000, 0x000000071e000000|  0%| F|  |TAMS 0x000000071de00000| PB 0x000000071de00000| Untracked 
| 225|0x000000071e000000, 0x000000071e000000, 0x000000071e200000|  0%| F|  |TAMS 0x000000071e000000| PB 0x000000071e000000| Untracked 
| 226|0x000000071e200000, 0x000000071e200000, 0x000000071e400000|  0%| F|  |TAMS 0x000000071e200000| PB 0x000000071e200000| Untracked 
| 227|0x000000071e400000, 0x000000071e400000, 0x000000071e600000|  0%| F|  |TAMS 0x000000071e400000| PB 0x000000071e400000| Untracked 
| 228|0x000000071e600000, 0x000000071e600000, 0x000000071e800000|  0%| F|  |TAMS 0x000000071e600000| PB 0x000000071e600000| Untracked 
| 229|0x000000071e800000, 0x000000071e800000, 0x000000071ea00000|  0%| F|  |TAMS 0x000000071e800000| PB 0x000000071e800000| Untracked 
| 230|0x000000071ea00000, 0x000000071ea00000, 0x000000071ec00000|  0%| F|  |TAMS 0x000000071ea00000| PB 0x000000071ea00000| Untracked 
| 231|0x000000071ec00000, 0x000000071ee00000, 0x000000071ee00000|100%| E|  |TAMS 0x000000071ec00000| PB 0x000000071ec00000| Complete 
| 232|0x000000071ee00000, 0x000000071f000000, 0x000000071f000000|100%| E|CS|TAMS 0x000000071ee00000| PB 0x000000071ee00000| Complete 
| 233|0x000000071f000000, 0x000000071f200000, 0x000000071f200000|100%| E|CS|TAMS 0x000000071f000000| PB 0x000000071f000000| Complete 
| 234|0x000000071f200000, 0x000000071f400000, 0x000000071f400000|100%| E|CS|TAMS 0x000000071f200000| PB 0x000000071f200000| Complete 
| 235|0x000000071f400000, 0x000000071f600000, 0x000000071f600000|100%| E|CS|TAMS 0x000000071f400000| PB 0x000000071f400000| Complete 
| 236|0x000000071f600000, 0x000000071f800000, 0x000000071f800000|100%| E|CS|TAMS 0x000000071f600000| PB 0x000000071f600000| Complete 
| 237|0x000000071f800000, 0x000000071fa00000, 0x000000071fa00000|100%| E|CS|TAMS 0x000000071f800000| PB 0x000000071f800000| Complete 
| 238|0x000000071fa00000, 0x000000071fc00000, 0x000000071fc00000|100%| E|CS|TAMS 0x000000071fa00000| PB 0x000000071fa00000| Complete 
| 239|0x000000071fc00000, 0x000000071fe00000, 0x000000071fe00000|100%| E|CS|TAMS 0x000000071fc00000| PB 0x000000071fc00000| Complete 
| 240|0x000000071fe00000, 0x0000000720000000, 0x0000000720000000|100%| E|CS|TAMS 0x000000071fe00000| PB 0x000000071fe00000| Complete 
| 241|0x0000000720000000, 0x0000000720200000, 0x0000000720200000|100%| E|CS|TAMS 0x0000000720000000| PB 0x0000000720000000| Complete 
| 242|0x0000000720200000, 0x0000000720400000, 0x0000000720400000|100%| E|CS|TAMS 0x0000000720200000| PB 0x0000000720200000| Complete 
| 243|0x0000000720400000, 0x0000000720600000, 0x0000000720600000|100%| E|CS|TAMS 0x0000000720400000| PB 0x0000000720400000| Complete 
| 244|0x0000000720600000, 0x0000000720800000, 0x0000000720800000|100%| E|CS|TAMS 0x0000000720600000| PB 0x0000000720600000| Complete 
| 245|0x0000000720800000, 0x0000000720a00000, 0x0000000720a00000|100%| E|CS|TAMS 0x0000000720800000| PB 0x0000000720800000| Complete 
| 246|0x0000000720a00000, 0x0000000720c00000, 0x0000000720c00000|100%| E|CS|TAMS 0x0000000720a00000| PB 0x0000000720a00000| Complete 
| 247|0x0000000720c00000, 0x0000000720e00000, 0x0000000720e00000|100%| E|CS|TAMS 0x0000000720c00000| PB 0x0000000720c00000| Complete 
| 248|0x0000000720e00000, 0x0000000721000000, 0x0000000721000000|100%| E|CS|TAMS 0x0000000720e00000| PB 0x0000000720e00000| Complete 
| 249|0x0000000721000000, 0x0000000721200000, 0x0000000721200000|100%| E|CS|TAMS 0x0000000721000000| PB 0x0000000721000000| Complete 
| 250|0x0000000721200000, 0x0000000721400000, 0x0000000721400000|100%| E|CS|TAMS 0x0000000721200000| PB 0x0000000721200000| Complete 
| 251|0x0000000721400000, 0x0000000721600000, 0x0000000721600000|100%| E|CS|TAMS 0x0000000721400000| PB 0x0000000721400000| Complete 
| 252|0x0000000721600000, 0x0000000721800000, 0x0000000721800000|100%| E|CS|TAMS 0x0000000721600000| PB 0x0000000721600000| Complete 
| 253|0x0000000721800000, 0x0000000721a00000, 0x0000000721a00000|100%| E|CS|TAMS 0x0000000721800000| PB 0x0000000721800000| Complete 
| 254|0x0000000721a00000, 0x0000000721c00000, 0x0000000721c00000|100%| E|CS|TAMS 0x0000000721a00000| PB 0x0000000721a00000| Complete 
| 255|0x0000000721c00000, 0x0000000721e00000, 0x0000000721e00000|100%| E|CS|TAMS 0x0000000721c00000| PB 0x0000000721c00000| Complete 
| 256|0x0000000721e00000, 0x0000000722000000, 0x0000000722000000|100%| E|CS|TAMS 0x0000000721e00000| PB 0x0000000721e00000| Complete 
| 257|0x0000000722000000, 0x0000000722200000, 0x0000000722200000|100%| E|CS|TAMS 0x0000000722000000| PB 0x0000000722000000| Complete 
| 258|0x0000000722200000, 0x0000000722400000, 0x0000000722400000|100%| E|CS|TAMS 0x0000000722200000| PB 0x0000000722200000| Complete 
| 259|0x0000000722400000, 0x0000000722600000, 0x0000000722600000|100%| E|CS|TAMS 0x0000000722400000| PB 0x0000000722400000| Complete 
| 260|0x0000000722600000, 0x0000000722800000, 0x0000000722800000|100%| E|CS|TAMS 0x0000000722600000| PB 0x0000000722600000| Complete 
| 261|0x0000000722800000, 0x0000000722a00000, 0x0000000722a00000|100%| E|CS|TAMS 0x0000000722800000| PB 0x0000000722800000| Complete 
| 262|0x0000000722a00000, 0x0000000722c00000, 0x0000000722c00000|100%| E|CS|TAMS 0x0000000722a00000| PB 0x0000000722a00000| Complete 
| 263|0x0000000722c00000, 0x0000000722e00000, 0x0000000722e00000|100%| E|CS|TAMS 0x0000000722c00000| PB 0x0000000722c00000| Complete 
| 264|0x0000000722e00000, 0x0000000723000000, 0x0000000723000000|100%| E|CS|TAMS 0x0000000722e00000| PB 0x0000000722e00000| Complete 
| 265|0x0000000723000000, 0x0000000723200000, 0x0000000723200000|100%| E|CS|TAMS 0x0000000723000000| PB 0x0000000723000000| Complete 
| 266|0x0000000723200000, 0x0000000723400000, 0x0000000723400000|100%| E|CS|TAMS 0x0000000723200000| PB 0x0000000723200000| Complete 
| 267|0x0000000723400000, 0x0000000723600000, 0x0000000723600000|100%| E|CS|TAMS 0x0000000723400000| PB 0x0000000723400000| Complete 
|2026|0x00000007ff200000, 0x00000007ff400000, 0x00000007ff400000|100%| E|CS|TAMS 0x00000007ff200000| PB 0x00000007ff200000| Complete 
|2027|0x00000007ff400000, 0x00000007ff600000, 0x00000007ff600000|100%| E|CS|TAMS 0x00000007ff400000| PB 0x00000007ff400000| Complete 
|2028|0x00000007ff600000, 0x00000007ff800000, 0x00000007ff800000|100%| E|CS|TAMS 0x00000007ff600000| PB 0x00000007ff600000| Complete 
|2029|0x00000007ff800000, 0x00000007ffa00000, 0x00000007ffa00000|100%| E|CS|TAMS 0x00000007ff800000| PB 0x00000007ff800000| Complete 
|2030|0x00000007ffa00000, 0x00000007ffc00000, 0x00000007ffc00000|100%| E|CS|TAMS 0x00000007ffa00000| PB 0x00000007ffa00000| Complete 
|2031|0x00000007ffc00000, 0x00000007ffe00000, 0x00000007ffe00000|100%| E|CS|TAMS 0x00000007ffc00000| PB 0x00000007ffc00000| Complete 
|2032|0x00000007ffe00000, 0x0000000800000000, 0x0000000800000000|100%| E|CS|TAMS 0x00000007ffe00000| PB 0x00000007ffe00000| Complete 

Card table byte_map: [0x000001b51a520000,0x000001b51ad20000] _byte_map_base: 0x000001b516d11000

Marking Bits: (CMBitMap*) 0x000001b5133081f0
 Bits: [0x000001b51ad20000, 0x000001b51eca8000)

Polling page: 0x000001b511090000

Metaspace:

Usage:
  Non-class:    130.01 MB used.
      Class:     16.52 MB used.
       Both:    146.53 MB used.

Virtual space:
  Non-class space:      192.00 MB reserved,     131.50 MB ( 68%) committed,  3 nodes.
      Class space:        1.00 GB reserved,      17.38 MB (  2%) committed,  1 nodes.
             Both:        1.19 GB reserved,     148.88 MB ( 12%) committed. 

Chunk freelists:
   Non-Class:  12.99 MB
       Class:  14.75 MB
        Both:  27.74 MB

MaxMetaspaceSize: unlimited
CompressedClassSpaceSize: 1.00 GB
Initial GC threshold: 21.00 MB
Current GC threshold: 248.12 MB
CDS: on
 - commit_granule_bytes: 65536.
 - commit_granule_words: 8192.
 - virtual_space_node_default_size: 8388608.
 - enlarge_chunks_in_place: 1.
 - use_allocation_guard: 0.


Internal statistics:

num_allocs_failed_limit: 12.
num_arena_births: 2888.
num_arena_deaths: 884.
num_vsnodes_births: 4.
num_vsnodes_deaths: 0.
num_space_committed: 2380.
num_space_uncommitted: 0.
num_chunks_returned_to_freelist: 1139.
num_chunks_taken_from_freelist: 8821.
num_chunk_merges: 306.
num_chunk_splits: 6163.
num_chunks_enlarged: 4639.
num_inconsistent_stats: 0.

CodeCache: size=49152Kb used=25083Kb max_used=27484Kb free=24068Kb
 bounds [0x000001b516c10000, 0x000001b5186f0000, 0x000001b519c10000]
 total_blobs=12716 nmethods=11699 adapters=937
 compilation: enabled
              stopped_count=0, restarted_count=0
 full_count=0

Compilation events (20 events):
Event: 375.670 Thread 0x000001b570f5a860 nmethod 22735 0x000001b517b5a190 code [0x000001b517b5a360, 0x000001b517b5a5b8]
Event: 375.670 Thread 0x000001b5217e93c0 nmethod 22737 0x000001b517b59d10 code [0x000001b517b59ec0, 0x000001b517b5a0c8]
Event: 375.670 Thread 0x000001b570f5dee0 nmethod 22736 0x000001b517b59890 code [0x000001b517b59a40, 0x000001b517b59c48]
Event: 375.670 Thread 0x000001b5217e93c0 22738       1       com.mysql.cj.NativeSession::getSharedSendPacket (11 bytes)
Event: 375.670 Thread 0x000001b570f5a860 22739       1       com.mysql.cj.protocol.a.NativeProtocol::getSharedSendPacket (34 bytes)
Event: 375.670 Thread 0x000001b570f5dee0 22740       1       com.mysql.cj.protocol.a.NativeMessageBuilder::buildComQuery (15 bytes)
Event: 375.670 Thread 0x000001b570f5a860 nmethod 22739 0x000001b517b59410 code [0x000001b517b595c0, 0x000001b517b59798]
Event: 375.670 Thread 0x000001b5217e93c0 nmethod 22738 0x000001b517b58f10 code [0x000001b517b590c0, 0x000001b517b592e8]
Event: 375.670 Thread 0x000001b570f5a190 nmethod 22733 0x000001b517b58510 code [0x000001b517b58720, 0x000001b517b58b30]
Event: 375.670 Thread 0x000001b570f5dee0 nmethod 22740 0x000001b517b58110 code [0x000001b517b582c0, 0x000001b517b58420]
Event: 375.787 Thread 0x000001b570f5dee0 22741       1       org.springframework.security.crypto.bcrypt.BCrypt::crypt_raw (317 bytes)
Event: 375.788 Thread 0x000001b570f5dee0 nmethod 22741 0x000001b5180b0810 code [0x000001b5180b0ac0, 0x000001b5180b15a0]
Event: 375.963 Thread 0x000001b570f5a860 22742       1       org.hibernate.query.sqm.sql.internal.AbstractSqmPathInterpretation::getExpressionType (5 bytes)
Event: 375.963 Thread 0x000001b570f5a860 nmethod 22742 0x000001b517b57d10 code [0x000001b517b57ea0, 0x000001b517b57f70]
Event: 376.060 Thread 0x000001b570f5a860 22743       1       org.apache.catalina.connector.CoyoteOutputStream::checkNonBlockingWrite (48 bytes)
Event: 376.060 Thread 0x000001b5217e93c0 22744       1       org.apache.catalina.connector.OutputBuffer::isBlocking (16 bytes)
Event: 376.060 Thread 0x000001b5217e93c0 nmethod 22744 0x000001b5180b0510 code [0x000001b5180b06a0, 0x000001b5180b0788]
Event: 376.060 Thread 0x000001b570f5a860 nmethod 22743 0x000001b5180aff10 code [0x000001b5180b00e0, 0x000001b5180b0328]
Event: 395.353 Thread 0x000001b5217e93c0 22745       1       org.apache.catalina.valves.ValveBase::backgroundProcess (1 bytes)
Event: 395.353 Thread 0x000001b5217e93c0 nmethod 22745 0x000001b5180afc10 code [0x000001b5180afda0, 0x000001b5180afe68]

GC Heap History (20 events):
Event: 28.299 GC heap before
{Heap before GC invocations=53 (full 0):
 garbage-first heap   total 440320K, used 388546K [0x0000000701e00000, 0x0000000800000000)
  region size 2048K, 95 young (194560K), 12 survivors (24576K)
 Metaspace       used 115913K, committed 116672K, reserved 1179648K
  class space    used 13227K, committed 13568K, reserved 1048576K
}
Event: 28.317 GC heap after
{Heap after GC invocations=54 (full 0):
 garbage-first heap   total 528384K, used 227287K [0x0000000701e00000, 0x0000000800000000)
  region size 2048K, 10 young (20480K), 10 survivors (20480K)
 Metaspace       used 115913K, committed 116672K, reserved 1179648K
  class space    used 13227K, committed 13568K, reserved 1048576K
}
Event: 29.829 GC heap before
{Heap before GC invocations=55 (full 0):
 garbage-first heap   total 528384K, used 470999K [0x0000000701e00000, 0x0000000800000000)
  region size 2048K, 129 young (264192K), 10 survivors (20480K)
 Metaspace       used 120394K, committed 121152K, reserved 1179648K
  class space    used 13459K, committed 13824K, reserved 1048576K
}
Event: 29.847 GC heap after
{Heap after GC invocations=56 (full 0):
 garbage-first heap   total 528384K, used 241122K [0x0000000701e00000, 0x0000000800000000)
  region size 2048K, 12 young (24576K), 12 survivors (24576K)
 Metaspace       used 120394K, committed 121152K, reserved 1179648K
  class space    used 13459K, committed 13824K, reserved 1048576K
}
Event: 31.208 GC heap before
{Heap before GC invocations=56 (full 0):
 garbage-first heap   total 528384K, used 472546K [0x0000000701e00000, 0x0000000800000000)
  region size 2048K, 125 young (256000K), 12 survivors (24576K)
 Metaspace       used 126011K, committed 126912K, reserved 1179648K
  class space    used 13811K, committed 14208K, reserved 1048576K
}
Event: 31.229 GC heap after
{Heap after GC invocations=57 (full 0):
 garbage-first heap   total 528384K, used 250598K [0x0000000701e00000, 0x0000000800000000)
  region size 2048K, 13 young (26624K), 13 survivors (26624K)
 Metaspace       used 126011K, committed 126912K, reserved 1179648K
  class space    used 13811K, committed 14208K, reserved 1048576K
}
Event: 32.555 GC heap before
{Heap before GC invocations=57 (full 0):
 garbage-first heap   total 528384K, used 471782K [0x0000000701e00000, 0x0000000800000000)
  region size 2048K, 121 young (247808K), 13 survivors (26624K)
 Metaspace       used 130599K, committed 131584K, reserved 1179648K
  class space    used 14321K, committed 14848K, reserved 1048576K
}
Event: 32.575 GC heap after
{Heap after GC invocations=58 (full 0):
 garbage-first heap   total 528384K, used 262378K [0x0000000701e00000, 0x0000000800000000)
  region size 2048K, 12 young (24576K), 12 survivors (24576K)
 Metaspace       used 130599K, committed 131584K, reserved 1179648K
  class space    used 14321K, committed 14848K, reserved 1048576K
}
Event: 35.604 GC heap before
{Heap before GC invocations=59 (full 0):
 garbage-first heap   total 528384K, used 473322K [0x0000000701e00000, 0x0000000800000000)
  region size 2048K, 115 young (235520K), 12 survivors (24576K)
 Metaspace       used 133748K, committed 134784K, reserved 1179648K
  class space    used 14827K, committed 15360K, reserved 1048576K
}
Event: 35.639 GC heap after
{Heap after GC invocations=60 (full 0):
 garbage-first heap   total 542720K, used 307200K [0x0000000701e00000, 0x0000000800000000)
  region size 2048K, 15 young (30720K), 15 survivors (30720K)
 Metaspace       used 133748K, committed 134784K, reserved 1179648K
  class space    used 14827K, committed 15360K, reserved 1048576K
}
Event: 36.614 GC heap before
{Heap before GC invocations=60 (full 0):
 garbage-first heap   total 542720K, used 481280K [0x0000000701e00000, 0x0000000800000000)
  region size 2048K, 100 young (204800K), 15 survivors (30720K)
 Metaspace       used 135596K, committed 136704K, reserved 1179648K
  class space    used 15090K, committed 15616K, reserved 1048576K
}
Event: 36.648 GC heap after
{Heap after GC invocations=61 (full 0):
 garbage-first heap   total 542720K, used 325319K [0x0000000701e00000, 0x0000000800000000)
  region size 2048K, 13 young (26624K), 13 survivors (26624K)
 Metaspace       used 135596K, committed 136704K, reserved 1179648K
  class space    used 15090K, committed 15616K, reserved 1048576K
}
Event: 37.521 GC heap before
{Heap before GC invocations=61 (full 0):
 garbage-first heap   total 542720K, used 476871K [0x0000000701e00000, 0x0000000800000000)
  region size 2048K, 89 young (182272K), 13 survivors (26624K)
 Metaspace       used 137870K, committed 139008K, reserved 1179648K
  class space    used 15322K, committed 15872K, reserved 1048576K
}
Event: 37.540 GC heap after
{Heap after GC invocations=62 (full 0):
 garbage-first heap   total 542720K, used 337903K [0x0000000701e00000, 0x0000000800000000)
  region size 2048K, 7 young (14336K), 7 survivors (14336K)
 Metaspace       used 137870K, committed 139008K, reserved 1179648K
  class space    used 15322K, committed 15872K, reserved 1048576K
}
Event: 77.312 GC heap before
{Heap before GC invocations=63 (full 0):
 garbage-first heap   total 563200K, used 483311K [0x0000000701e00000, 0x0000000800000000)
  region size 2048K, 80 young (163840K), 7 survivors (14336K)
 Metaspace       used 145641K, committed 146816K, reserved 1179648K
  class space    used 16336K, committed 16896K, reserved 1048576K
}
Event: 77.325 GC heap after
{Heap after GC invocations=64 (full 0):
 garbage-first heap   total 563200K, used 336660K [0x0000000701e00000, 0x0000000800000000)
  region size 2048K, 5 young (10240K), 5 survivors (10240K)
 Metaspace       used 145641K, committed 146816K, reserved 1179648K
  class space    used 16336K, committed 16896K, reserved 1048576K
}
Event: 80.459 GC heap before
{Heap before GC invocations=64 (full 0):
 garbage-first heap   total 563200K, used 379668K [0x0000000701e00000, 0x0000000800000000)
  region size 2048K, 27 young (55296K), 5 survivors (10240K)
 Metaspace       used 148615K, committed 149760K, reserved 1245184K
  class space    used 16719K, committed 17280K, reserved 1048576K
}
Event: 80.474 GC heap after
{Heap after GC invocations=65 (full 0):
 garbage-first heap   total 563200K, used 339828K [0x0000000701e00000, 0x0000000800000000)
  region size 2048K, 7 young (14336K), 7 survivors (14336K)
 Metaspace       used 148615K, committed 149760K, reserved 1245184K
  class space    used 16719K, committed 17280K, reserved 1048576K
}
Event: 325.547 GC heap before
{Heap before GC invocations=66 (full 0):
 garbage-first heap   total 563200K, used 454516K [0x0000000701e00000, 0x0000000800000000)
  region size 2048K, 71 young (145408K), 7 survivors (14336K)
 Metaspace       used 150901K, committed 152448K, reserved 1245184K
  class space    used 17081K, committed 17792K, reserved 1048576K
}
Event: 325.557 GC heap after
{Heap after GC invocations=67 (full 0):
 garbage-first heap   total 563200K, used 329946K [0x0000000701e00000, 0x0000000800000000)
  region size 2048K, 8 young (16384K), 8 survivors (16384K)
 Metaspace       used 150901K, committed 152448K, reserved 1245184K
  class space    used 17081K, committed 17792K, reserved 1048576K
}

Dll operation events (12 events):
Event: 0.009 Loaded shared library S:\Santhosh Kumar\Software\sts-4.28.1.RELEASE\plugins\org.eclipse.justj.openjdk.hotspot.jre.full.win32.x86_64_21.0.6.v20250130-0529\jre\bin\java.dll
Event: 0.034 Loaded shared library S:\Santhosh Kumar\Software\sts-4.28.1.RELEASE\plugins\org.eclipse.justj.openjdk.hotspot.jre.full.win32.x86_64_21.0.6.v20250130-0529\jre\bin\zip.dll
Event: 0.244 Loaded shared library S:\Santhosh Kumar\Software\sts-4.28.1.RELEASE\plugins\org.eclipse.justj.openjdk.hotspot.jre.full.win32.x86_64_21.0.6.v20250130-0529\jre\bin\instrument.dll
Event: 0.248 Loaded shared library S:\Santhosh Kumar\Software\sts-4.28.1.RELEASE\plugins\org.eclipse.justj.openjdk.hotspot.jre.full.win32.x86_64_21.0.6.v20250130-0529\jre\bin\net.dll
Event: 0.249 Loaded shared library S:\Santhosh Kumar\Software\sts-4.28.1.RELEASE\plugins\org.eclipse.justj.openjdk.hotspot.jre.full.win32.x86_64_21.0.6.v20250130-0529\jre\bin\nio.dll
Event: 0.255 Loaded shared library S:\Santhosh Kumar\Software\sts-4.28.1.RELEASE\plugins\org.eclipse.justj.openjdk.hotspot.jre.full.win32.x86_64_21.0.6.v20250130-0529\jre\bin\zip.dll
Event: 0.426 Loaded shared library S:\Santhosh Kumar\Software\sts-4.28.1.RELEASE\plugins\org.eclipse.justj.openjdk.hotspot.jre.full.win32.x86_64_21.0.6.v20250130-0529\jre\bin\jimage.dll
Event: 0.467 Loaded shared library S:\Santhosh Kumar\Software\sts-4.28.1.RELEASE\plugins\org.eclipse.justj.openjdk.hotspot.jre.full.win32.x86_64_21.0.6.v20250130-0529\jre\bin\management.dll
Event: 0.482 Loaded shared library S:\Santhosh Kumar\Software\sts-4.28.1.RELEASE\plugins\org.eclipse.justj.openjdk.hotspot.jre.full.win32.x86_64_21.0.6.v20250130-0529\jre\bin\management_ext.dll
Event: 0.663 Loaded shared library S:\Santhosh Kumar\Software\sts-4.28.1.RELEASE\plugins\org.eclipse.justj.openjdk.hotspot.jre.full.win32.x86_64_21.0.6.v20250130-0529\jre\bin\extnet.dll
Event: 0.683 Loaded shared library S:\Santhosh Kumar\Software\sts-4.28.1.RELEASE\plugins\org.eclipse.justj.openjdk.hotspot.jre.full.win32.x86_64_21.0.6.v20250130-0529\jre\bin\verify.dll
Event: 1.760 Loaded shared library S:\Santhosh Kumar\Software\sts-4.28.1.RELEASE\plugins\org.eclipse.justj.openjdk.hotspot.jre.full.win32.x86_64_21.0.6.v20250130-0529\jre\bin\sunmscapi.dll

Deoptimization events (20 events):
Event: 375.591 Thread 0x000001b56fe70f80 DEOPT PACKING pc=0x000001b5182979dc sp=0x0000007ed48f7e50
Event: 375.591 Thread 0x000001b56fe70f80 DEOPT UNPACKING pc=0x000001b516c64e42 sp=0x0000007ed48f7330 mode 1
Event: 375.591 Thread 0x000001b56fe70f80 DEOPT PACKING pc=0x000001b5183e9bfc sp=0x0000007ed48f7ee0
Event: 375.591 Thread 0x000001b56fe70f80 DEOPT UNPACKING pc=0x000001b516c64e42 sp=0x0000007ed48f73b8 mode 1
Event: 375.591 Thread 0x000001b56fe70f80 DEOPT PACKING pc=0x000001b517c1239c sp=0x0000007ed48f7f70
Event: 375.591 Thread 0x000001b56fe70f80 DEOPT UNPACKING pc=0x000001b516c64e42 sp=0x0000007ed48f7468 mode 1
Event: 375.591 Thread 0x000001b56fe70f80 DEOPT PACKING pc=0x000001b5183e9bfc sp=0x0000007ed48f8020
Event: 375.591 Thread 0x000001b56fe70f80 DEOPT UNPACKING pc=0x000001b516c64e42 sp=0x0000007ed48f74f8 mode 1
Event: 375.591 Thread 0x000001b56fe70f80 DEOPT PACKING pc=0x000001b517830ccc sp=0x0000007ed48f80b0
Event: 375.591 Thread 0x000001b56fe70f80 DEOPT UNPACKING pc=0x000001b516c64e42 sp=0x0000007ed48f7668 mode 1
Event: 375.591 Thread 0x000001b56fe70f80 DEOPT PACKING pc=0x000001b5183e9bfc sp=0x0000007ed48f8250
Event: 375.591 Thread 0x000001b56fe70f80 DEOPT UNPACKING pc=0x000001b516c64e42 sp=0x0000007ed48f7728 mode 1
Event: 375.591 Thread 0x000001b56fe70f80 DEOPT PACKING pc=0x000001b517ab9544 sp=0x0000007ed48f82e0
Event: 375.591 Thread 0x000001b56fe70f80 DEOPT UNPACKING pc=0x000001b516c64e42 sp=0x0000007ed48f7830 mode 1
Event: 375.591 Thread 0x000001b56fe70f80 DEOPT PACKING pc=0x000001b5183e9bfc sp=0x0000007ed48f83f0
Event: 375.591 Thread 0x000001b56fe70f80 DEOPT UNPACKING pc=0x000001b516c64e42 sp=0x0000007ed48f78c8 mode 1
Event: 375.591 Thread 0x000001b56fe70f80 DEOPT PACKING pc=0x000001b517e3d4f4 sp=0x0000007ed48f8480
Event: 375.591 Thread 0x000001b56fe70f80 DEOPT UNPACKING pc=0x000001b516c64e42 sp=0x0000007ed48f79e8 mode 1
Event: 403.313 Thread 0x000001b56fe70f80 DEOPT PACKING pc=0x000001b5177b8844 sp=0x0000007ed48f8810
Event: 403.313 Thread 0x000001b56fe70f80 DEOPT UNPACKING pc=0x000001b516c64e42 sp=0x0000007ed48f7cb8 mode 0

Classes loaded (20 events):
Event: 86.718 Loading class org/xml/sax/ext/LexicalHandler
Event: 86.718 Loading class org/xml/sax/ext/LexicalHandler done
Event: 86.718 Loading class org/xml/sax/ext/DeclHandler
Event: 86.718 Loading class org/xml/sax/ext/DeclHandler done
Event: 86.720 Loading class org/w3c/dom/CDATASection
Event: 86.720 Loading class org/w3c/dom/CDATASection done
Event: 86.721 Loading class org/w3c/dom/DocumentType
Event: 86.721 Loading class org/w3c/dom/DocumentType done
Event: 86.758 Loading class javax/xml/datatype/XMLGregorianCalendar
Event: 86.759 Loading class javax/xml/datatype/XMLGregorianCalendar done
Event: 86.808 Loading class java/lang/invoke/BoundMethodHandle$Species_LLLLLLLLLL
Event: 86.808 Loading class java/lang/invoke/BoundMethodHandle$Species_LLLLLLLLLL done
Event: 86.810 Loading class java/lang/invoke/BoundMethodHandle$Species_LLLLLLLLLLL
Event: 86.810 Loading class java/lang/invoke/BoundMethodHandle$Species_LLLLLLLLLLL done
Event: 86.812 Loading class java/lang/invoke/BoundMethodHandle$Species_LLLLLLLLLLLL
Event: 86.812 Loading class java/lang/invoke/BoundMethodHandle$Species_LLLLLLLLLLLL done
Event: 86.813 Loading class java/lang/invoke/BoundMethodHandle$Species_LLLLLLLLLLLLL
Event: 86.813 Loading class java/lang/invoke/BoundMethodHandle$Species_LLLLLLLLLLLLL done
Event: 138.353 Loading class java/util/concurrent/ForkJoinTask$RunnableExecuteAction
Event: 138.354 Loading class java/util/concurrent/ForkJoinTask$RunnableExecuteAction done

Classes unloaded (20 events):
Event: 325.779 Thread 0x000001b521470c20 Unloading class 0x000001b5230c0800 'java/lang/invoke/LambdaForm$MH+0x000001b5230c0800'
Event: 325.779 Thread 0x000001b521470c20 Unloading class 0x000001b5230c0400 'java/lang/invoke/LambdaForm$DMH+0x000001b5230c0400'
Event: 325.779 Thread 0x000001b521470c20 Unloading class 0x000001b5230c0000 'java/lang/invoke/LambdaForm$DMH+0x000001b5230c0000'
Event: 325.779 Thread 0x000001b521470c20 Unloading class 0x000001b52300b800 'java/lang/invoke/LambdaForm$MH+0x000001b52300b800'
Event: 325.779 Thread 0x000001b521470c20 Unloading class 0x000001b52300ac00 'java/lang/invoke/LambdaForm$MH+0x000001b52300ac00'
Event: 325.779 Thread 0x000001b521470c20 Unloading class 0x000001b52300a800 'java/lang/invoke/LambdaForm$MH+0x000001b52300a800'
Event: 325.779 Thread 0x000001b521470c20 Unloading class 0x000001b52300a400 'java/lang/invoke/LambdaForm$MH+0x000001b52300a400'
Event: 325.779 Thread 0x000001b521470c20 Unloading class 0x000001b523009c00 'java/lang/invoke/LambdaForm$MH+0x000001b523009c00'
Event: 325.779 Thread 0x000001b521470c20 Unloading class 0x000001b523009000 'java/lang/invoke/LambdaForm$MH+0x000001b523009000'
Event: 325.779 Thread 0x000001b521470c20 Unloading class 0x000001b523008000 'java/lang/invoke/LambdaForm$MH+0x000001b523008000'
Event: 325.779 Thread 0x000001b521470c20 Unloading class 0x000001b523007c00 'java/lang/invoke/LambdaForm$MH+0x000001b523007c00'
Event: 325.779 Thread 0x000001b521470c20 Unloading class 0x000001b523007400 'java/lang/invoke/LambdaForm$MH+0x000001b523007400'
Event: 325.779 Thread 0x000001b521470c20 Unloading class 0x000001b523006c00 'java/lang/invoke/LambdaForm$MH+0x000001b523006c00'
Event: 325.779 Thread 0x000001b521470c20 Unloading class 0x000001b523006400 'java/lang/invoke/LambdaForm$MH+0x000001b523006400'
Event: 325.779 Thread 0x000001b521470c20 Unloading class 0x000001b523005c00 'java/lang/invoke/LambdaForm$MH+0x000001b523005c00'
Event: 325.779 Thread 0x000001b521470c20 Unloading class 0x000001b523005400 'java/lang/invoke/LambdaForm$MH+0x000001b523005400'
Event: 325.779 Thread 0x000001b521470c20 Unloading class 0x000001b523004000 'java/lang/invoke/LambdaForm$MH+0x000001b523004000'
Event: 325.779 Thread 0x000001b521470c20 Unloading class 0x000001b523003c00 'java/lang/invoke/LambdaForm$MH+0x000001b523003c00'
Event: 325.779 Thread 0x000001b521470c20 Unloading class 0x000001b523003800 'java/lang/invoke/LambdaForm$MH+0x000001b523003800'
Event: 325.779 Thread 0x000001b521470c20 Unloading class 0x000001b523003400 'java/lang/invoke/LambdaForm$MH+0x000001b523003400'

Classes redefined (0 events):
No events

Internal exceptions (20 events):
Event: 79.965 Thread 0x000001b56fe70260 Exception <a 'java/lang/ClassNotFoundException'{0x00000007222dc310}: com/maan/eway/bean/FactorRateRequestDetailsBeanInfo> (0x00000007222dc310) 
thrown [s\src\hotspot\share\classfile\systemDictionary.cpp, line 312]
Event: 79.966 Thread 0x000001b56fe70260 Exception <a 'java/lang/ClassNotFoundException'{0x00000007222e7498}: com/maan/eway/bean/FactorRateRequestDetailsCustomizer> (0x00000007222e7498) 
thrown [s\src\hotspot\share\classfile\systemDictionary.cpp, line 312]
Event: 80.061 Thread 0x000001b56fe70260 Exception <a 'java/lang/NoSuchMethodError'{0x0000000721d5d850}: 'int java.lang.invoke.DirectMethodHandle$Holder.invokeStatic(java.lang.Object, java.lang.Object, int, int)'> (0x0000000721d5d850) 
thrown [s\src\hotspot\share\interpreter\linkResolver.cpp, line 773]
Event: 86.684 Thread 0x000001b56fe70f80 Exception <a 'java/lang/ClassNotFoundException'{0x0000000721ce9120}: com/maan/eway/bean/EserviceCustomerDetailsBeanInfo> (0x0000000721ce9120) 
thrown [s\src\hotspot\share\classfile\systemDictionary.cpp, line 312]
Event: 86.685 Thread 0x000001b56fe70f80 Exception <a 'java/lang/ClassNotFoundException'{0x0000000721cf4300}: com/maan/eway/bean/EserviceCustomerDetailsCustomizer> (0x0000000721cf4300) 
thrown [s\src\hotspot\share\classfile\systemDictionary.cpp, line 312]
Event: 86.687 Thread 0x000001b56fe70f80 Exception <a 'java/lang/ClassNotFoundException'{0x0000000721d93108}: com/maan/eway/common/res/CustomerDetailsGetResBeanInfo> (0x0000000721d93108) 
thrown [s\src\hotspot\share\classfile\systemDictionary.cpp, line 312]
Event: 86.687 Thread 0x000001b56fe70f80 Exception <a 'java/lang/ClassNotFoundException'{0x0000000721d9e658}: com/maan/eway/common/res/CustomerDetailsGetResCustomizer> (0x0000000721d9e658) 
thrown [s\src\hotspot\share\classfile\systemDictionary.cpp, line 312]
Event: 86.788 Thread 0x000001b56fe6c0c0 Exception <a 'java/lang/ClassNotFoundException'{0x000000071fe85128}: com/maan/eway/bean/EserviceBuildingDetailsBeanInfo> (0x000000071fe85128) 
thrown [s\src\hotspot\share\classfile\systemDictionary.cpp, line 312]
Event: 86.789 Thread 0x000001b56fe6c0c0 Exception <a 'java/lang/ClassNotFoundException'{0x000000071fe8f7e0}: com/maan/eway/bean/EserviceBuildingDetailsCustomizer> (0x000000071fe8f7e0) 
thrown [s\src\hotspot\share\classfile\systemDictionary.cpp, line 312]
Event: 86.792 Thread 0x000001b56fe6c0c0 Exception <a 'java/lang/ClassNotFoundException'{0x000000071ffaf510}: com/maan/eway/common/req/SectionDataResBeanInfo> (0x000000071ffaf510) 
thrown [s\src\hotspot\share\classfile\systemDictionary.cpp, line 312]
Event: 86.793 Thread 0x000001b56fe6c0c0 Exception <a 'java/lang/ClassNotFoundException'{0x000000071ffb9b38}: com/maan/eway/common/req/SectionDataResCustomizer> (0x000000071ffb9b38) 
thrown [s\src\hotspot\share\classfile\systemDictionary.cpp, line 312]
Event: 86.809 Thread 0x000001b56fe70260 Exception <a 'java/lang/NoSuchMethodError'{0x000000071fd6edc0}: 'java.lang.Object java.lang.invoke.DirectMethodHandle$Holder.invokeStatic(java.lang.Object, java.lang.Object, java.lang.Object, java.lang.Object, java.lang.Object, java.lang.Object, java.lang.Object, java.lang.Object, java.lang.Object, java.lang.Object, java.lang.Object, java.lang.Object, java.lang.Object)'> (0x000000071fd6edc0) 
thrown [s\src\hotspot\share\interpreter\linkResolver.cpp, line 773]
Event: 86.811 Thread 0x000001b56fe70260 Exception <a 'java/lang/NoSuchMethodError'{0x000000071fd937c8}: 'java.lang.Object java.lang.invoke.DirectMethodHandle$Holder.invokeStatic(java.lang.Object, java.lang.Object, java.lang.Object, java.lang.Object, java.lang.Object, java.lang.Object, java.lang.Object, java.lang.Object, java.lang.Object, java.lang.Object, java.lang.Object, java.lang.Object, java.lang.Object, java.lang.Object)'> (0x000000071fd937c8) 
thrown [s\src\hotspot\share\interpreter\linkResolver.cpp, line 773]
Event: 86.812 Thread 0x000001b56fe70260 Exception <a 'java/lang/NoSuchMethodError'{0x000000071fdb9828}: 'java.lang.Object java.lang.invoke.DirectMethodHandle$Holder.invokeStatic(java.lang.Object, java.lang.Object, java.lang.Object, java.lang.Object, java.lang.Object, java.lang.Object, java.lang.Object, java.lang.Object, java.lang.Object, java.lang.Object, java.lang.Object, java.lang.Object, java.lang.Object, java.lang.Object, java.lang.Object)'> (0x000000071fdb9828) 
thrown [s\src\hotspot\share\interpreter\linkResolver.cpp, line 773]
Event: 86.814 Thread 0x000001b56fe70260 Exception <a 'java/lang/NoSuchMethodError'{0x000000071fde1dc8}: 'java.lang.Object java.lang.invoke.DirectMethodHandle$Holder.invokeStatic(java.lang.Object, java.lang.Object, java.lang.Object, java.lang.Object, java.lang.Object, java.lang.Object, java.lang.Object, java.lang.Object, java.lang.Object, java.lang.Object, java.lang.Object, java.lang.Object, java.lang.Object, java.lang.Object, java.lang.Object, java.lang.Object)'> (0x000000071fde1dc8) 
thrown [s\src\hotspot\share\interpreter\linkResolver.cpp, lin
Event: 86.816 Thread 0x000001b56fe70260 Exception <a 'java/lang/NoSuchMethodError'{0x000000071fa055d8}: 'java.lang.Object java.lang.invoke.DelegatingMethodHandle$Holder.reinvoke_L(java.lang.Object, java.lang.Object, long, java.lang.Object, java.lang.Object, java.lang.Object, java.lang.Object, java.lang.Object, java.lang.Object, java.lang.Object, java.lang.Object, java.lang.Object, java.lang.Object, java.lang.Object, java.lang.Object, java.lang.Object, java.lang.Object, java.lang.Object, java.lang.Object, java.lang.Object, java.lang.Object, java.
Event: 86.820 Thread 0x000001b56fe70260 Exception <a 'java/lang/NoSuchMethodError'{0x000000071faaf190}: 'java.lang.Object java.lang.invoke.DirectMethodHandle$Holder.invokeSpecial(java.lang.Object, java.lang.Object, long, java.lang.Object, java.lang.Object, java.lang.Object, java.lang.Object, java.lang.Object, java.lang.Object, java.lang.Object, java.lang.Object, java.lang.Object, java.lang.Object, java.lang.Object, java.lang.Object, java.lang.Object, java.lang.Object, java.lang.Object, java.lang.Object, java.lang.Object, java.lang.Object, java.l
Event: 86.820 Thread 0x000001b56fe70260 Exception <a 'java/lang/NoSuchMethodError'{0x000000071fabc878}: 'java.lang.Object java.lang.invoke.DelegatingMethodHandle$Holder.reinvoke_L(java.lang.Object, long, java.lang.Object, java.lang.Object, java.lang.Object, java.lang.Object, java.lang.Object, java.lang.Object, java.lang.Object, java.lang.Object, java.lang.Object, java.lang.Object, java.lang.Object, java.lang.Object, java.lang.Object, java.lang.Object, java.lang.Object, java.lang.Object, java.lang.Object, java.lang.Object, java.lang.Object, java.
Event: 86.830 Thread 0x000001b56fe70260 Exception <a 'java/lang/NoSuchMethodError'{0x000000071fbfde38}: 'java.lang.Object java.lang.invoke.Invokers$Holder.linkToTargetMethod(java.lang.Object, java.lang.Object, java.lang.Object, java.lang.Object, java.lang.Object, java.lang.Object, java.lang.Object, java.lang.Object, java.lang.Object, java.lang.Object, java.lang.Object, java.lang.Object, java.lang.Object, java.lang.Object, java.lang.Object, java.lang.Object, java.lang.Object, java.lang.Object, java.lang.Object, java.lang.Object, java.lang.Object,
Event: 338.192 Thread 0x000001b567e0e2c0 Exception <a 'java/lang/NoSuchMethodError'{0x00000007233b5fe0}: static [B.<clinit>()V> (0x00000007233b5fe0) 
thrown [s\src\hotspot\share\prims\jni.cpp, line 1111]

ZGC Phase Switch (0 events):
No events

VM Operations (20 events):
Event: 388.521 Executing VM operation: get/set locals
Event: 388.521 Executing VM operation: get/set locals done
Event: 388.521 Executing VM operation: get/set locals
Event: 388.521 Executing VM operation: get/set locals done
Event: 388.522 Executing VM operation: get/set locals
Event: 388.522 Executing VM operation: get/set locals done
Event: 388.522 Executing VM operation: get/set locals
Event: 388.522 Executing VM operation: get/set locals done
Event: 388.523 Executing VM operation: get/set locals
Event: 388.523 Executing VM operation: get/set locals done
Event: 388.523 Executing VM operation: get/set locals
Event: 388.523 Executing VM operation: get/set locals done
Event: 400.223 Executing VM operation: ChangeBreakpoints
Event: 400.228 Executing VM operation: ChangeBreakpoints done
Event: 403.313 Executing VM operation: ChangeSingleStep
Event: 403.313 Executing VM operation: ChangeSingleStep done
Event: 403.313 Executing VM operation: ChangeSingleStep
Event: 403.313 Executing VM operation: ChangeSingleStep done
Event: 403.318 Executing VM operation: ChangeSingleStep
Event: 403.318 Executing VM operation: ChangeSingleStep done

Memory protections (0 events):
No events

Nmethod flushes (20 events):
Event: 325.794 Thread 0x000001b521470c20 flushing  nmethod 0x000001b517fee490
Event: 325.794 Thread 0x000001b521470c20 flushing  nmethod 0x000001b517fefc90
Event: 325.794 Thread 0x000001b521470c20 flushing  nmethod 0x000001b517ff0510
Event: 325.794 Thread 0x000001b521470c20 flushing  nmethod 0x000001b517ff0e90
Event: 325.794 Thread 0x000001b521470c20 flushing  nmethod 0x000001b517fff810
Event: 325.794 Thread 0x000001b521470c20 flushing  nmethod 0x000001b518013f90
Event: 325.794 Thread 0x000001b521470c20 flushing  nmethod 0x000001b518016010
Event: 325.794 Thread 0x000001b521470c20 flushing  nmethod 0x000001b518057690
Event: 325.794 Thread 0x000001b521470c20 flushing  nmethod 0x000001b5180c2910
Event: 325.794 Thread 0x000001b521470c20 flushing  nmethod 0x000001b5180c3510
Event: 325.794 Thread 0x000001b521470c20 flushing  nmethod 0x000001b5180c3e10
Event: 325.794 Thread 0x000001b521470c20 flushing  nmethod 0x000001b5180c4710
Event: 325.794 Thread 0x000001b521470c20 flushing  nmethod 0x000001b5180d0610
Event: 325.794 Thread 0x000001b521470c20 flushing  nmethod 0x000001b5180d2a10
Event: 325.794 Thread 0x000001b521470c20 flushing  nmethod 0x000001b5180d6d90
Event: 325.794 Thread 0x000001b521470c20 flushing  nmethod 0x000001b5180dc910
Event: 325.794 Thread 0x000001b521470c20 flushing  nmethod 0x000001b518153390
Event: 325.794 Thread 0x000001b521470c20 flushing  nmethod 0x000001b518153890
Event: 325.794 Thread 0x000001b521470c20 flushing  nmethod 0x000001b5181ffc10
Event: 325.794 Thread 0x000001b521470c20 flushing  nmethod 0x000001b5181fff10

Events (20 events):
Event: 319.383 Thread 0x000001b575378890 Thread exited: 0x000001b575378890
Event: 322.769 Thread 0x000001b5217e93c0 Thread added: 0x000001b570f5bcd0
Event: 325.546 Thread 0x000001b570f5bcd0 Thread added: 0x000001b570f5a860
Event: 325.546 Thread 0x000001b570f5bcd0 Thread added: 0x000001b570f5d810
Event: 330.031 Thread 0x000001b570f5d810 Thread exited: 0x000001b570f5d810
Event: 335.038 Thread 0x000001b570f5a860 Thread exited: 0x000001b570f5a860
Event: 335.038 Thread 0x000001b570f5bcd0 Thread exited: 0x000001b570f5bcd0
Event: 360.237 Thread 0x000001b5753795b0 Thread added: 0x000001b5753113c0
Event: 367.643 Thread 0x000001b5217e93c0 Thread added: 0x000001b570f5a190
Event: 367.643 Thread 0x000001b5217e93c0 Thread added: 0x000001b570f5bcd0
Event: 367.993 Thread 0x000001b5217e93c0 Thread added: 0x000001b570f5d810
Event: 368.777 Thread 0x000001b570f5d810 Thread exited: 0x000001b570f5d810
Event: 368.777 Thread 0x000001b570f5bcd0 Thread exited: 0x000001b570f5bcd0
Event: 369.206 Thread 0x000001b5217e93c0 Thread added: 0x000001b570f5dee0
Event: 369.206 Thread 0x000001b5217e93c0 Thread added: 0x000001b570f5d810
Event: 372.737 Thread 0x000001b570f5d810 Thread exited: 0x000001b570f5d810
Event: 374.532 Thread 0x000001b570f5a190 Thread added: 0x000001b570f5a860
Event: 381.065 Thread 0x000001b570f5a860 Thread exited: 0x000001b570f5a860
Event: 381.065 Thread 0x000001b570f5dee0 Thread exited: 0x000001b570f5dee0
Event: 386.080 Thread 0x000001b570f5a190 Thread exited: 0x000001b570f5a190


Dynamic libraries:
0x00007ff743a50000 - 0x00007ff743a5e000 	S:\Santhosh Kumar\Software\sts-4.28.1.RELEASE\plugins\org.eclipse.justj.openjdk.hotspot.jre.full.win32.x86_64_21.0.6.v20250130-0529\jre\bin\javaw.exe
0x00007fff19c40000 - 0x00007fff19ea9000 	C:\WINDOWS\SYSTEM32\ntdll.dll
0x00007fff17fc0000 - 0x00007fff18089000 	C:\WINDOWS\System32\KERNEL32.DLL
0x00007fff16e60000 - 0x00007fff17253000 	C:\WINDOWS\System32\KERNELBASE.dll
0x00007fff174d0000 - 0x00007fff1761b000 	C:\WINDOWS\System32\ucrtbase.dll
0x00007ffe943a0000 - 0x00007ffe943b8000 	S:\Santhosh Kumar\Software\sts-4.28.1.RELEASE\plugins\org.eclipse.justj.openjdk.hotspot.jre.full.win32.x86_64_21.0.6.v20250130-0529\jre\bin\jli.dll
0x00007ffef22b0000 - 0x00007ffef22ce000 	S:\Santhosh Kumar\Software\sts-4.28.1.RELEASE\plugins\org.eclipse.justj.openjdk.hotspot.jre.full.win32.x86_64_21.0.6.v20250130-0529\jre\bin\VCRUNTIME140.dll
0x00007fff19630000 - 0x00007fff197f4000 	C:\WINDOWS\System32\USER32.dll
0x00007fff0a7d0000 - 0x00007fff0aa63000 	C:\WINDOWS\WinSxS\amd64_microsoft.windows.common-controls_6595b64144ccf1df_6.0.26100.5074_none_3e0d6f78e32fd63f\COMCTL32.dll
0x00007fff17260000 - 0x00007fff17287000 	C:\WINDOWS\System32\win32u.dll
0x00007fff18110000 - 0x00007fff1813b000 	C:\WINDOWS\System32\GDI32.dll
0x00007fff185a0000 - 0x00007fff18649000 	C:\WINDOWS\System32\msvcrt.dll
0x00007fff178e0000 - 0x00007fff17a0d000 	C:\WINDOWS\System32\gdi32full.dll
0x00007fff17790000 - 0x00007fff17833000 	C:\WINDOWS\System32\msvcp_win.dll
0x00007fff19270000 - 0x00007fff1929f000 	C:\WINDOWS\System32\IMM32.DLL
0x00007fff0e340000 - 0x00007fff0e34c000 	S:\Santhosh Kumar\Software\sts-4.28.1.RELEASE\plugins\org.eclipse.justj.openjdk.hotspot.jre.full.win32.x86_64_21.0.6.v20250130-0529\jre\bin\vcruntime140_1.dll
0x00007ffeeee10000 - 0x00007ffeeee9d000 	S:\Santhosh Kumar\Software\sts-4.28.1.RELEASE\plugins\org.eclipse.justj.openjdk.hotspot.jre.full.win32.x86_64_21.0.6.v20250130-0529\jre\bin\msvcp140.dll
0x00007ffe924f0000 - 0x00007ffe93280000 	S:\Santhosh Kumar\Software\sts-4.28.1.RELEASE\plugins\org.eclipse.justj.openjdk.hotspot.jre.full.win32.x86_64_21.0.6.v20250130-0529\jre\bin\server\jvm.dll
0x00007fff18350000 - 0x00007fff18404000 	C:\WINDOWS\System32\ADVAPI32.dll
0x00007fff189b0000 - 0x00007fff18a56000 	C:\WINDOWS\System32\sechost.dll
0x00007fff18140000 - 0x00007fff18258000 	C:\WINDOWS\System32\RPCRT4.dll
0x00007fff19a80000 - 0x00007fff19af4000 	C:\WINDOWS\System32\WS2_32.dll
0x00007fff16c30000 - 0x00007fff16c8e000 	C:\WINDOWS\SYSTEM32\POWRPROF.dll
0x00007fff0ad70000 - 0x00007fff0ada5000 	C:\WINDOWS\SYSTEM32\WINMM.dll
0x00007fff0f740000 - 0x00007fff0f74b000 	C:\WINDOWS\SYSTEM32\VERSION.dll
0x00007fff16c10000 - 0x00007fff16c24000 	C:\WINDOWS\SYSTEM32\UMPDC.dll
0x00007fff15bb0000 - 0x00007fff15bcb000 	C:\WINDOWS\SYSTEM32\kernel.appcore.dll
0x00007ffea8400000 - 0x00007ffea840a000 	S:\Santhosh Kumar\Software\sts-4.28.1.RELEASE\plugins\org.eclipse.justj.openjdk.hotspot.jre.full.win32.x86_64_21.0.6.v20250130-0529\jre\bin\jimage.dll
0x00007fff14590000 - 0x00007fff147d2000 	C:\WINDOWS\SYSTEM32\DBGHELP.DLL
0x00007fff192b0000 - 0x00007fff1962b000 	C:\WINDOWS\System32\combase.dll
0x00007fff18270000 - 0x00007fff18347000 	C:\WINDOWS\System32\OLEAUT32.dll
0x00007fff08ee0000 - 0x00007fff08f1d000 	C:\WINDOWS\SYSTEM32\dbgcore.DLL
0x00007fff17840000 - 0x00007fff178d9000 	C:\WINDOWS\System32\bcryptPrimitives.dll
0x00007ffef32a0000 - 0x00007ffef32dc000 	S:\Santhosh Kumar\Software\sts-4.28.1.RELEASE\plugins\org.eclipse.justj.openjdk.hotspot.jre.full.win32.x86_64_21.0.6.v20250130-0529\jre\bin\jdwp.dll
0x00007fff0eef0000 - 0x00007fff0eeff000 	S:\Santhosh Kumar\Software\sts-4.28.1.RELEASE\plugins\org.eclipse.justj.openjdk.hotspot.jre.full.win32.x86_64_21.0.6.v20250130-0529\jre\bin\instrument.dll
0x00007ffe94380000 - 0x00007ffe9439f000 	S:\Santhosh Kumar\Software\sts-4.28.1.RELEASE\plugins\org.eclipse.justj.openjdk.hotspot.jre.full.win32.x86_64_21.0.6.v20250130-0529\jre\bin\java.dll
0x00007fff18a60000 - 0x00007fff191ad000 	C:\WINDOWS\System32\SHELL32.dll
0x00007fff17620000 - 0x00007fff1778c000 	C:\WINDOWS\System32\wintypes.dll
0x00007fff14a70000 - 0x00007fff152c9000 	C:\WINDOWS\SYSTEM32\windows.storage.dll
0x00007fff19b00000 - 0x00007fff19bf0000 	C:\WINDOWS\System32\SHCORE.dll
0x00007fff191b0000 - 0x00007fff19212000 	C:\WINDOWS\System32\shlwapi.dll
0x00007fff16cf0000 - 0x00007fff16d19000 	C:\WINDOWS\SYSTEM32\profapi.dll
0x00007ffe94360000 - 0x00007ffe94378000 	S:\Santhosh Kumar\Software\sts-4.28.1.RELEASE\plugins\org.eclipse.justj.openjdk.hotspot.jre.full.win32.x86_64_21.0.6.v20250130-0529\jre\bin\zip.dll
0x00007fff10980000 - 0x00007fff1098b000 	S:\Santhosh Kumar\Software\sts-4.28.1.RELEASE\plugins\org.eclipse.justj.openjdk.hotspot.jre.full.win32.x86_64_21.0.6.v20250130-0529\jre\bin\dt_socket.dll
0x00007fff15570000 - 0x00007fff155a4000 	C:\WINDOWS\SYSTEM32\IPHLPAPI.DLL
0x00007fff16130000 - 0x00007fff1619b000 	C:\WINDOWS\system32\mswsock.dll
0x00007fff155b0000 - 0x00007fff156d6000 	C:\WINDOWS\SYSTEM32\DNSAPI.dll
0x00007fff18260000 - 0x00007fff1826a000 	C:\WINDOWS\System32\NSI.dll
0x00007fff0f580000 - 0x00007fff0f58b000 	C:\Windows\System32\rasadhlp.dll
0x00007fff0ed00000 - 0x00007fff0ed86000 	C:\WINDOWS\System32\fwpuclnt.dll
0x00007ffea76a0000 - 0x00007ffea76b0000 	S:\Santhosh Kumar\Software\sts-4.28.1.RELEASE\plugins\org.eclipse.justj.openjdk.hotspot.jre.full.win32.x86_64_21.0.6.v20250130-0529\jre\bin\net.dll
0x00007fff0f430000 - 0x00007fff0f54f000 	C:\WINDOWS\SYSTEM32\WINHTTP.dll
0x00007ffe94340000 - 0x00007ffe94356000 	S:\Santhosh Kumar\Software\sts-4.28.1.RELEASE\plugins\org.eclipse.justj.openjdk.hotspot.jre.full.win32.x86_64_21.0.6.v20250130-0529\jre\bin\nio.dll
0x00007fff0e310000 - 0x00007fff0e31a000 	S:\Santhosh Kumar\Software\sts-4.28.1.RELEASE\plugins\org.eclipse.justj.openjdk.hotspot.jre.full.win32.x86_64_21.0.6.v20250130-0529\jre\bin\management.dll
0x00007fff08cf0000 - 0x00007fff08cfb000 	S:\Santhosh Kumar\Software\sts-4.28.1.RELEASE\plugins\org.eclipse.justj.openjdk.hotspot.jre.full.win32.x86_64_21.0.6.v20250130-0529\jre\bin\management_ext.dll
0x00007fff17a10000 - 0x00007fff17a18000 	C:\WINDOWS\System32\PSAPI.DLL
0x00007ffef23e0000 - 0x00007ffef23f8000 	C:\WINDOWS\system32\napinsp.dll
0x00007ffef23c0000 - 0x00007ffef23d2000 	C:\WINDOWS\System32\winrnr.dll
0x00007ffef2390000 - 0x00007ffef23b8000 	C:\WINDOWS\system32\nlansp_c.dll
0x00007ffef2370000 - 0x00007ffef2386000 	C:\WINDOWS\system32\wshbth.dll
0x00007fff163d0000 - 0x00007fff163eb000 	C:\WINDOWS\SYSTEM32\CRYPTSP.dll
0x00007fff15b10000 - 0x00007fff15b4b000 	C:\WINDOWS\system32\rsaenh.dll
0x00007fff161d0000 - 0x00007fff161fb000 	C:\WINDOWS\SYSTEM32\USERENV.dll
0x00007fff16cc0000 - 0x00007fff16ce6000 	C:\WINDOWS\SYSTEM32\bcrypt.dll
0x00007fff163f0000 - 0x00007fff163fc000 	C:\WINDOWS\SYSTEM32\CRYPTBASE.dll
0x00007ffefd5d0000 - 0x00007ffefd5d9000 	S:\Santhosh Kumar\Software\sts-4.28.1.RELEASE\plugins\org.eclipse.justj.openjdk.hotspot.jre.full.win32.x86_64_21.0.6.v20250130-0529\jre\bin\extnet.dll
0x00007ffe94220000 - 0x00007ffe94230000 	S:\Santhosh Kumar\Software\sts-4.28.1.RELEASE\plugins\org.eclipse.justj.openjdk.hotspot.jre.full.win32.x86_64_21.0.6.v20250130-0529\jre\bin\verify.dll
0x00007fff0f750000 - 0x00007fff0f75e000 	S:\Santhosh Kumar\Software\sts-4.28.1.RELEASE\plugins\org.eclipse.justj.openjdk.hotspot.jre.full.win32.x86_64_21.0.6.v20250130-0529\jre\bin\sunmscapi.dll
0x00007fff17290000 - 0x00007fff17407000 	C:\WINDOWS\System32\CRYPT32.dll
0x00007fff165f0000 - 0x00007fff16620000 	C:\WINDOWS\SYSTEM32\ncrypt.dll
0x00007fff165a0000 - 0x00007fff165df000 	C:\WINDOWS\SYSTEM32\NTASN1.dll
0x00007ffefb2c0000 - 0x00007ffefb2c8000 	C:\WINDOWS\system32\wshunix.dll

dbghelp: loaded successfully - version: 4.0.5 - missing functions: none
symbol engine: initialized successfully - sym options: 0x614 - pdb path: .;S:\Santhosh Kumar\Software\sts-4.28.1.RELEASE\plugins\org.eclipse.justj.openjdk.hotspot.jre.full.win32.x86_64_21.0.6.v20250130-0529\jre\bin;C:\WINDOWS\SYSTEM32;C:\WINDOWS\WinSxS\amd64_microsoft.windows.common-controls_6595b64144ccf1df_6.0.26100.5074_none_3e0d6f78e32fd63f;S:\Santhosh Kumar\Software\sts-4.28.1.RELEASE\plugins\org.eclipse.justj.openjdk.hotspot.jre.full.win32.x86_64_21.0.6.v20250130-0529\jre\bin\server

VM Arguments:
jvm_args: -XX:+ShowCodeDetailsInExceptionMessages -agentlib:jdwp=transport=dt_socket,suspend=y,address=localhost:63380 -Dcom.sun.management.jmxremote -Dcom.sun.management.jmxremote.port=63379 -Dcom.sun.management.jmxremote.authenticate=false -Dcom.sun.management.jmxremote.ssl=false -Djava.rmi.server.hostname=localhost -Dspring.jmx.enabled=true -Dmanagement.endpoints.jmx.exposure.include=* -Dspring.application.admin.enabled=true -Dspring.output.ansi.enabled=always -XX:TieredStopAtLevel=1 -Dspring.boot.project.name=EwayCommonApi -javaagent:S:\Santhosh Kumar\Software\sts-4.28.1.RELEASE\configuration\org.eclipse.osgi\275\0\.cp\lib\javaagent-shaded.jar -Dfile.encoding=UTF-8 -Dstdout.encoding=UTF-8 -Dstderr.encoding=UTF-8 
java_command: com.maan.eway.EwayCommonApiApplication
java_class_path (initial): S:\Santhosh Kumar\Work Space\EwayCommonApi\target\classes;C:\Users\lenono\.m2\repository\org\codehaus\groovy\groovy-all\2.4.10\groovy-all-2.4.10.jar;C:\Users\lenono\.m2\repository\org\springframework\boot\spring-boot-starter-data-jpa\3.2.6\spring-boot-starter-data-jpa-3.2.6.jar;C:\Users\lenono\.m2\repository\org\springframework\boot\spring-boot-starter-aop\3.2.6\spring-boot-starter-aop-3.2.6.jar;C:\Users\lenono\.m2\repository\org\aspectj\aspectjweaver\1.9.22\aspectjweaver-1.9.22.jar;C:\Users\lenono\.m2\repository\org\springframework\boot\spring-boot-starter-jdbc\3.2.6\spring-boot-starter-jdbc-3.2.6.jar;C:\Users\lenono\.m2\repository\com\zaxxer\HikariCP\5.0.1\HikariCP-5.0.1.jar;C:\Users\lenono\.m2\repository\org\springframework\spring-jdbc\6.1.8\spring-jdbc-6.1.8.jar;C:\Users\lenono\.m2\repository\org\hibernate\orm\hibernate-core\6.4.8.Final\hibernate-core-6.4.8.Final.jar;C:\Users\lenono\.m2\repository\jakarta\persistence\jakarta.persistence-api\3.1.0\jakarta.persistence-api-3.1.0.jar;C:\Users\lenono\.m2\repository\jakarta\transaction\jakarta.transaction-api\2.0.1\jakarta.transaction-api-2.0.1.jar;C:\Users\lenono\.m2\repository\org\hibernate\common\hibernate-commons-annotations\6.0.6.Final\hibernate-commons-annotations-6.0.6.Final.jar;C:\Users\lenono\.m2\repository\io\smallrye\jandex\3.1.2\jandex-3.1.2.jar;C:\Users\lenono\.m2\repository\net\bytebuddy\byte-buddy\1.14.16\byte-buddy-1.14.16.jar;C:\Users\lenono\.m2\repository\org\glassfish\jaxb\jaxb-runtime\4.0.5\jaxb-runtime-4.0.5.jar;C:\Users\lenono\.m2\repository\org\glassfish\jaxb\jaxb-core\4.0.5\jaxb-core-4.0.5.jar;C:\Users\lenono\.m2\repository\org\glassfish\jaxb\txw2\4.0.5\txw2-4.0.5.jar;C:\Users\lenono\.m2\repository\com\sun\istack\istack-commons-runtime\4.1.2\istack-commons-runtime-4.1.2.jar;C:\Users\lenono\.m2\repository\jakarta\inject\jakarta.inject-api\2.0.1\jakarta.inject-api-2.0.1.jar;C:\Users\lenono\.m2\repository\org\antlr\antlr4-runtime\4.13.0\antlr4-runtime-4.13.0.jar;C:\Users\lenono\.m2\repository\org\springframework\data\spring-data-jpa\3.2.6\spring-data-jpa-3.2.6.jar;C:\Users\lenono\.m2\repository\org\springframework\data\spring-data-commons\3.2.6\spring-data-commons-3.2.6.jar;C:\Users\lenono\.m2\repository\org\springframework\spring-orm\6.1.8\spring-orm-6.1.8.jar;C:\Users\lenono\.m2\repository\org\springframework\spring-tx\6.1.8\spring-tx-6.1.8.jar;C:\Users\lenono\.m2\repository\org\springframework\spring-aspects\6.1.8\spring-aspects-6.1.8.jar;C:\Users\lenono\.m2\repository\org\springframework\boot\spring-boot-starter-data-jdbc\3.2.6\spring-boot-starter-data-jdbc-3.2.6.jar;C:\Users\lenono\.m2\repository\org\springframework\data\spring-data-jdbc\3.2.6\spring-data-jdbc-3.2.6.jar;C:\Users\lenono\.m2\repository\org\springframework\data\spring-data-relational\3.2.6\spring-data-relational-3.2.6.jar;C:\Users\lenono\.m2\repository\com\github\jsqlparser\jsqlparser\4.6\jsqlparser-4.6.jar;C:\Users\lenono\.m2\repository\org\springframework\boot\spring-boot-starter-web\3.2.6\spring-boot-starter-web-3.2.6.jar;C:\Users\lenono\.m2\repository\org\springframework\boot\spring-boot-starter\3.2.6\spring-boot-starter-3.2.6.jar;C:\Users\lenono\.m2\repository\org\springframework\boot\spring-boot\3.2.6\spring-boot-3.2.6.jar;C:\Users\lenono\.m2\repository\org\springframework\boot\spring-boot-autoconfigure\3.2.6\spring-boot-autoconfigure-3.2.6.jar;C:\Users\lenono\.m2\repository\org\springframework\boot\spring-boot-starter-logging\3.2.6\spring-boot-starter-logging-3.2.6.jar;C:\Users\lenono\.m2\repository\ch\qos\logback\logback-classic\1.4.14\logback-classic-1.4.14.jar;C:\Users\lenono\.m2\repository\ch\qos\logback\logback-core\1.4.14\logback-core-1.4.14.jar;C:\Users\lenono\.m2\repository\org\apache\logging\log4j\log4j-to-slf4j\2.21.1\log4j-to-slf4j-2.21.1.jar;C:\Users\lenono\.m2\repository\org\slf4j\jul-to-slf4j\2.0.13\jul-to-slf4j-2.0.13.jar;C:\Users\lenono\.m2\repository\org\springframework\boot\spring-boot-starter-json\3.2.6\spring-boot-starter-json-3.2.6.jar;C:\Users\lenono\.m2\repository\com\fasterxml\jackson\datatype\jackson-datatype-jdk8\2.15.4\jackson-datatype-jdk8-2.15.4.jar;C:\Users\lenono\.m2\repository\com\fasterxml\jackson\module\jackson-module-parameter-names\2.15.4\jackson-module-parameter-names-2.15.4.jar;C:\Users\lenono\.m2\repository\org\springframework\spring-web\6.1.8\spring-web-6.1.8.jar;C:\Users\lenono\.m2\repository\io\micrometer\micrometer-observation\1.12.6\micrometer-observation-1.12.6.jar;C:\Users\lenono\.m2\repository\io\micrometer\micrometer-commons\1.12.6\micrometer-commons-1.12.6.jar;C:\Users\lenono\.m2\repository\org\springframework\spring-webmvc\6.1.8\spring-webmvc-6.1.8.jar;C:\Users\lenono\.m2\repository\org\springframework\spring-expression\6.1.8\spring-expression-6.1.8.jar;C:\Users\lenono\.m2\repository\jakarta\validation\jakarta.validation-api\3.0.2\jakarta.validation-api-3.0.2.jar;C:\Users\lenono\.m2\repository\org\hibernate\validator\hibernate-validator\8.0.1.Final\hibernate-validator-8.0.1.Final.jar;C:\Users\lenono\.m2\repository\org\jboss\logging\jboss-logging\3.5.3.Final\jboss-logging-3.5.3.Final.jar;C:\Users\lenono\.m2\repository\com\fasterxml\classmate\1.6.0\classmate-1.6.0.jar;C:\Users\lenono\.m2\repository\org\springframework\boot\spring-boot-starter-web-services\3.2.6\spring-boot-starter-web-services-3.2.6.jar;C:\Users\lenono\.m2\repository\com\sun\xml\messaging\saaj\saaj-impl\3.0.4\saaj-impl-3.0.4.jar;C:\Users\lenono\.m2\repository\jakarta\xml\soap\jakarta.xml.soap-api\3.0.2\jakarta.xml.soap-api-3.0.2.jar;C:\Users\lenono\.m2\repository\org\jvnet\staxex\stax-ex\2.1.0\stax-ex-2.1.0.jar;C:\Users\lenono\.m2\repository\jakarta\activation\jakarta.activation-api\2.1.3\jakarta.activation-api-2.1.3.jar;C:\Users\lenono\.m2\repository\org\eclipse\angus\angus-activation\2.0.2\angus-activation-2.0.2.jar;C:\Users\lenono\.m2\repository\jakarta\xml\ws\jakarta.xml.ws-api\4.0.2\jakarta.xml.ws-api-4.0.2.jar;C:\Users\lenono\.m2\repository\org\springframework\spring-oxm\6.1.8\spring-oxm-6.1.8.jar;C:\Users\lenono\.m2\repository\org\springframework\ws\spring-ws-core\4.0.11\spring-ws-core-4.0.11.jar;C:\Users\lenono\.m2\repository\org\springframework\ws\spring-xml\4.0.11\spring-xml-4.0.11.jar;C:\Users\lenono\.m2\repository\org\springframework\boot\spring-boot-starter-cache\3.2.6\spring-boot-starter-cache-3.2.6.jar;C:\Users\lenono\.m2\repository\org\springframework\spring-context-support\6.1.8\spring-context-support-6.1.8.jar;C:\Users\lenono\.m2\repository\net\sf\jasperreports\jasperreports\6.18.1\jasperreports-6.18.1.jar;C:\Users\lenono\.m2\repository\commons-beanutils\commons-beanutils\1.9.4\commons-beanutils-1.9.4.jar;C:\Users\lenono\.m2\repository\commons-digester\commons-digester\2.1\commons-digester-2.1.jar;C:\Users\lenono\.m2\repository\commons-logging\commons-logging\1.1.1\commons-logging-1.1.1.jar;C:\Users\lenono\.m2\repository\org\apache\commons\commons-collections4\4.2\commons-collections4-4.2.jar;C:\Users\lenono\.m2\repository\com\lowagie\itext\2.1.7.js9\itext-2.1.7.js9.jar;C:\Users\lenono\.m2\repository\org\bouncycastle\bcprov-jdk15on\1.68\bcprov-jdk15on-1.68.jar;C:\Users\lenono\.m2\repository\org\jfree\jcommon\1.0.23\jcommon-1.0.23.jar;C:\Users\lenono\.m2\repository\org\jfree\jfreechart\1.0.19\jfreechart-1.0.19.jar;C:\Users\lenono\.m2\repository\org\eclipse\jdt\ecj\3.21.0\ecj-3.21.0.jar;C:\Users\lenono\.m2\repository\org\codehaus\castor\castor-xml\1.4.1\castor-xml-1.4.1.jar;C:\Users\lenono\.m2\repository\org\codehaus\castor\castor-core\1.4.1\castor-core-1.4.1.jar;C:\Users\lenono\.m2\repository\javax\inject\javax.inject\1\javax.inject-1.jar;C:\Users\lenono\.m2\repository\com\fasterxml\jackson\core\jackson-core\2.15.4\jackson-core-2.15.4.jar;C:\Users\lenono\.m2\repository\com\fasterxml\jackson\core\jackson-annotations\2.15.4\jackson-annotations-2.15.4.jar;C:\Users\lenono\.m2\repository\org\apache\poi\poi\4.1.1\poi-4.1.1.jar;C:\Users\lenono\.m2\repository\commons-codec\commons-codec\1.16.1\commons-codec-1.16.1.jar;C:\Users\lenono\.m2\repository\org\apache\commons\commons-math3\3.6.1\commons-math3-3.6.1.jar;C:\Users\lenono\.m2\repository\com\fasterxml\jackson\core\jackson-databind\2.15.4\jackson-databind-2.15.4.jar;C:\Users\lenono\.m2\repository\com\mysql\mysql-connector-j\8.0.33\mysql-connector-j-8.0.33.jar;C:\Users\lenono\.m2\repository\org\projectlombok\lombok\1.18.32\lombok-1.18.32.jar;C:\Users\lenono\.m2\repository\org\springframework\boot\spring-boot-starter-tomcat\3.2.6\spring-boot-starter-tomcat-3.2.6.jar;C:\Users\lenono\.m2\repository\jakarta\annotation\jakarta.annotation-api\2.1.1\jakarta.annotation-api-2.1.1.jar;C:\Users\lenono\.m2\repository\org\apache\tomcat\embed\tomcat-embed-core\10.1.24\tomcat-embed-core-10.1.24.jar;C:\Users\lenono\.m2\repository\org\apache\tomcat\embed\tomcat-embed-el\10.1.24\tomcat-embed-el-10.1.24.jar;C:\Users\lenono\.m2\repository\org\apache\tomcat\embed\tomcat-embed-websocket\10.1.24\tomcat-embed-websocket-10.1.24.jar;C:\Users\lenono\.m2\repository\jakarta\xml\bind\jakarta.xml.bind-api\4.0.2\jakarta.xml.bind-api-4.0.2.jar;C:\Users\lenono\.m2\repository\org\hamcrest\hamcrest\2.2\hamcrest-2.2.jar;C:\Users\lenono\.m2\repository\org\springframework\spring-core\6.1.8\spring-core-6.1.8.jar;C:\Users\lenono\.m2\repository\org\springframework\spring-jcl\6.1.8\spring-jcl-6.1.8.jar;C:\Users\lenono\.m2\repository\io\springfox\springfox-boot-starter\3.0.0\springfox-boot-starter-3.0.0.jar;C:\Users\lenono\.m2\repository\io\springfox\springfox-oas\3.0.0\springfox-oas-3.0.0.jar;C:\Users\lenono\.m2\repository\io\springfox\springfox-spi\3.0.0\springfox-spi-3.0.0.jar;C:\Users\lenono\.m2\repository\io\springfox\springfox-schema\3.0.0\springfox-schema-3.0.0.jar;C:\Users\lenono\.m2\repository\io\springfox\springfox-core\3.0.0\springfox-core-3.0.0.jar;C:\Users\lenono\.m2\repository\io\springfox\springfox-spring-web\3.0.0\springfox-spring-web-3.0.0.jar;C:\Users\lenono\.m2\repository\io\github\classgraph\classgraph\4.8.83\classgraph-4.8.83.jar;C:\Users\lenono\.m2\repository\io\springfox\springfox-spring-webmvc\3.0.0\springfox-spring-webmvc-3.0.0.jar;C:\Users\lenono\.m2\repository\io\springfox\springfox-spring-webflux\3.0.0\springfox-spring-webflux-3.0.0.jar;C:\Users\lenono\.m2\repository\io\springfox\springfox-swagger-common\3.0.0\springfox-swagger-common-3.0.0.jar;C:\Users\lenono\.m2\repository\org\mapstruct\mapstruct\1.3.1.Final\mapstruct-1.3.1.Final.jar;C:\Users\lenono\.m2\repository\io\springfox\springfox-data-rest\3.0.0\springfox-data-rest-3.0.0.jar;C:\Users\lenono\.m2\repository\io\springfox\springfox-bean-validators\3.0.0\springfox-bean-validators-3.0.0.jar;C:\Users\lenono\.m2\repository\io\springfox\springfox-swagger2\3.0.0\springfox-swagger2-3.0.0.jar;C:\Users\lenono\.m2\repository\io\swagger\swagger-annotations\1.5.20\swagger-annotations-1.5.20.jar;C:\Users\lenono\.m2\repository\io\swagger\swagger-models\1.5.20\swagger-models-1.5.20.jar;C:\Users\lenono\.m2\repository\io\springfox\springfox-swagger-ui\3.0.0\springfox-swagger-ui-3.0.0.jar;C:\Users\lenono\.m2\repository\org\slf4j\slf4j-api\2.0.13\slf4j-api-2.0.13.jar;C:\Users\lenono\.m2\repository\org\springframework\plugin\spring-plugin-core\2.0.0.RELEASE\spring-plugin-core-2.0.0.RELEASE.jar;C:\Users\lenono\.m2\repository\org\springframework\plugin\spring-plugin-metadata\2.0.0.RELEASE\spring-plugin-metadata-2.0.0.RELEASE.jar;C:\Users\lenono\.m2\repository\org\apache\logging\log4j\log4j-api\2.17.2\log4j-api-2.17.2.jar;C:\Users\lenono\.m2\repository\org\javassist\javassist\3.25.0-GA\javassist-3.25.0-GA.jar;C:\Users\lenono\.m2\repository\org\springdoc\springdoc-openapi-starter-webmvc-ui\2.2.0\springdoc-openapi-starter-webmvc-ui-2.2.0.jar;C:\Users\lenono\.m2\repository\org\springdoc\springdoc-openapi-starter-webmvc-api\2.2.0\springdoc-openapi-starter-webmvc-api-2.2.0.jar;C:\Users\lenono\.m2\repository\org\springdoc\springdoc-openapi-starter-common\2.2.0\springdoc-openapi-starter-common-2.2.0.jar;C:\Users\lenono\.m2\repository\io\swagger\core\v3\swagger-core-jakarta\2.2.15\swagger-core-jakarta-2.2.15.jar;C:\Users\lenono\.m2\repository\io\swagger\core\v3\swagger-annotations-jakarta\2.2.15\swagger-annotations-jakarta-2.2.15.jar;C:\Users\lenono\.m2\repository\io\swagger\core\v3\swagger-models-jakarta\2.2.15\swagger-models-jakarta-2.2.15.jar;C:\Users\lenono\.m2\repository\org\webjars\swagger-ui\5.2.0\swagger-ui-5.2.0.jar;C:\Users\lenono\.m2\repository\io\swagger\core\v3\swagger-core\2.2.14\swagger-core-2.2.14.jar;C:\Users\lenono\.m2\repository\com\fasterxml\jackson\dataformat\jackson-dataformat-yaml\2.15.4\jackson-dataformat-yaml-2.15.4.jar;C:\Users\lenono\.m2\repository\com\fasterxml\jackson\datatype\jackson-datatype-jsr310\2.15.4\jackson-datatype-jsr310-2.15.4.jar;C:\Users\lenono\.m2\repository\io\swagger\core\v3\swagger-annotations\2.2.14\swagger-annotations-2.2.14.jar;C:\Users\lenono\.m2\repository\org\yaml\snakeyaml\2.2\snakeyaml-2.2.jar;C:\Users\lenono\.m2\repository\io\swagger\core\v3\swagger-models\2.2.14\swagger-models-2.2.14.jar;C:\Users\lenono\.m2\repository\commons-io\commons-io\2.6\commons-io-2.6.jar;C:\Users\lenono\.m2\repository\org\modelmapper\modelmapper\2.3.5\modelmapper-2.3.5.jar;C:\Users\lenono\.m2\repository\net\sf\dozer\dozer\5.5.1\dozer-5.5.1.jar;C:\Users\lenono\.m2\repository\org\slf4j\jcl-over-slf4j\2.0.13\jcl-over-slf4j-2.0.13.jar;C:\Users\lenono\.m2\repository\com\google\code\gson\gson\2.10.1\gson-2.10.1.jar;C:\Users\lenono\.m2\repository\org\springframework\security\spring-security-config\6.2.4\spring-security-config-6.2.4.jar;C:\Users\lenono\.m2\repository\org\springframework\security\spring-security-core\6.2.4\spring-security-core-6.2.4.jar;C:\Users\lenono\.m2\repository\org\springframework\security\spring-security-crypto\6.2.4\spring-security-crypto-6.2.4.jar;C:\Users\lenono\.m2\repository\org\springframework\spring-aop\6.1.8\spring-aop-6.1.8.jar;C:\Users\lenono\.m2\repository\org\springframework\spring-beans\6.1.8\spring-beans-6.1.8.jar;C:\Users\lenono\.m2\repository\org\springframework\spring-context\6.1.8\spring-context-6.1.8.jar;C:\Users\lenono\.m2\repository\com\sun\mail\javax.mail\1.6.2\javax.mail-1.6.2.jar;C:\Users\lenono\.m2\repository\javax\activation\activation\1.1\activation-1.1.jar;C:\Users\lenono\.m2\repository\org\springframework\boot\spring-boot-starter-mail\3.2.6\spring-boot-starter-mail-3.2.6.jar;C:\Users\lenono\.m2\repository\org\eclipse\angus\jakarta.mail\2.0.3\jakarta.mail-2.0.3.jar;C:\Users\lenono\.m2\repository\org\apache\tika\tika-core\2.0.0\tika-core-2.0.0.jar;C:\Users\lenono\.m2\repository\net\coobird\thumbnailator\0.4.12\thumbnailator-0.4.12.jar;C:\Users\lenono\.m2\repository\org\jsoup\jsoup\1.15.1\jsoup-1.15.1.jar;C:\Users\lenono\.m2\repository\com\googlecode\json-simple\json-simple\1.1.1\json-simple-1.1.1.jar;C:\Users\lenono\.m2\repository\junit\junit\4.13.2\junit-4.13.2.jar;C:\Users\lenono\.m2\repository\org\hamcrest\hamcrest-core\2.2\hamcrest-core-2.2.jar;C:\Users\lenono\.m2\repository\javax\annotation\javax.annotation-api\1.3.2\javax.annotation-api-1.3.2.jar;C:\Users\lenono\.m2\repository\org\apache\commons\commons-lang3\3.14.0\commons-lang3-3.14.0.jar;C:\Users\lenono\.m2\repository\com\googlecode\jmapper-framework\jmapper-core\1.6.0.1\jmapper-core-1.6.0.1.jar;C:\Users\lenono\.m2\repository\org\reflections\reflections\0.9.10\reflections-0.9.10.jar;C:\Users\lenono\.m2\repository\com\google\guava\guava\33.4.0-jre\guava-33.4.0-jre.jar;C:\Users\lenono\.m2\repository\com\google\guava\failureaccess\1.0.2\failureaccess-1.0.2.jar;C:\Users\lenono\.m2\repository\com\google\guava\listenablefuture\9999.0-empty-to-avoid-conflict-with-guava\listenablefuture-9999.0-empty-to-avoid-conflict-with-guava.jar;C:\Users\lenono\.m2\repository\com\google\code\findbugs\jsr305\3.0.2\jsr305-3.0.2.jar;C:\Users\lenono\.m2\repository\org\checkerframework\checker-qual\3.43.0\checker-qual-3.43.0.jar;C:\Users\lenono\.m2\repository\com\google\errorprone\error_prone_annotations\2.36.0\error_prone_annotations-2.36.0.jar;C:\Users\lenono\.m2\repository\com\google\j2objc\j2objc-annotations\3.0.0\j2objc-annotations-3.0.0.jar;C:\Users\lenono\.m2\repository\com\google\code\findbugs\annotations\2.0.1\annotations-2.0.1.jar;C:\Users\lenono\.m2\repository\com\googlecode\jmapper-framework\jmapper-api\1.2.1\jmapper-api-1.2.1.jar;C:\Users\lenono\.m2\repository\commons-collections\commons-collections\3.2.2\commons-collections-3.2.2.jar;C:\Users\lenono\.m2\repository\com\thoughtworks\xstream\xstream\1.4.9\xstream-1.4.9.jar;C:\Users\lenono\.m2\repository\xmlpull\xmlpull\1.1.3.1\xmlpull-1.1.3.1.jar;C:\Users\lenono\.m2\repository\xpp3\xpp3_min\1.1.4c\xpp3_min-1.1.4c.jar;C:\Users\lenono\.m2\repository\net\sf\kxml\kxml2\2.3.0\kxml2-2.3.0.jar;C:\Users\lenono\.m2\repository\io\jsonwebtoken\jjwt\0.9.1\jjwt-0.9.1.jar;C:\Users\lenono\.m2\repository\org\springframework\boot\spring-boot-starter-security\3.2.6\spring-boot-starter-security-3.2.6.jar;C:\Users\lenono\.m2\repository\org\springframework\security\spring-security-web\6.2.4\spring-security-web-6.2.4.jar;C:\Users\lenono\.m2\repository\com\fasterxml\jackson\dataformat\jackson-dataformat-xml\2.13.4\jackson-dataformat-xml-2.13.4.jar;C:\Users\lenono\.m2\repository\org\codehaus\woodstox\stax2-api\4.2.1\stax2-api-4.2.1.jar;C:\Users\lenono\.m2\repository\com\fasterxml\woodstox\woodstox-core\6.3.1\woodstox-core-6.3.1.jar;C:\Users\lenono\.m2\repository\org\cache2k\cache2k-api\2.6.1.Final\cache2k-api-2.6.1.Final.jar;C:\Users\lenono\.m2\repository\org\cache2k\cache2k-core\2.6.1.Final\cache2k-core-2.6.1.Final.jar;C:\Users\lenono\.m2\repository\org\cache2k\cache2k-spring\2.6.1.Final\cache2k-spring-2.6.1.Final.jar;C:\Users\lenono\.m2\repository\org\apache\httpcomponents\httpclient\4.5.14\httpclient-4.5.14.jar;C:\Users\lenono\.m2\repository\org\apache\httpcomponents\httpcore\4.4.16\httpcore-4.4.16.jar;C:\Users\lenono\.m2\repository\com\google\zxing\core\2.2\core-2.2.jar;C:\Users\lenono\.m2\repository\com\google\zxing\javase\2.2\javase-2.2.jar;C:\Users\lenono\.m2\repository\org\apache\pdfbox\pdfbox\2.0.29\pdfbox-2.0.29.jar;C:\Users\lenono\.m2\repository\org\apache\pdfbox\fontbox\2.0.29\fontbox-2.0.29.jar;C:\Users\lenono\.m2\repository\com\itextpdf\itextpdf\5.5.13\itextpdf-5.5.13.jar;C:\Users\lenono\.m2\repository\javax\xml\bind\jaxb-api\2.3.1\jaxb-api-2.3.1.jar;C:\Users\lenono\.m2\repository\javax\activation\javax.activation-api\1.2.0\javax.activation-api-1.2.0.jar;C:\Users\lenono\.m2\repository\org\apache\poi\poi-ooxml\4.1.1\poi-ooxml-4.1.1.jar;C:\Users\lenono\.m2\repository\org\apache\poi\poi-ooxml-schemas\4.1.1\poi-ooxml-schemas-4.1.1.jar;C:\Users\lenono\.m2\repository\org\apache\xmlbeans\xmlbeans\3.1.0\xmlbeans-3.1.0.jar;C:\Users\lenono\.m2\repository\org\apache\commons\commons-compress\1.19\commons-compress-1.19.jar;C:\Users\lenono\.m2\repository\com\github\virtuald\curvesapi\1.06\curvesapi-1.06.jar;C:\Users\lenono\.m2\repository\org\apache\httpcomponents\client5\httpclient5\5.2.1\httpclient5-5.2.1.jar;C:\Users\lenono\.m2\repository\org\apache\httpcomponents\core5\httpcore5-h2\5.2.4\httpcore5-h2-5.2.4.jar;C:\Users\lenono\.m2\repository\org\apache\httpcomponents\core5\httpcore5\5.2.1\httpcore5-5.2.1.jar;C:\Users\lenono\.m2\repository\org\json\json\20240303\json-20240303.jar
Launcher Type: SUN_STANDARD

[Global flags]
     intx CICompilerCount                          = 4                                         {product} {ergonomic}
     uint ConcGCThreads                            = 2                                         {product} {ergonomic}
     uint G1ConcRefinementThreads                  = 8                                         {product} {ergonomic}
   size_t G1HeapRegionSize                         = 2097152                                   {product} {ergonomic}
    uintx GCDrainStackTargetSize                   = 64                                        {product} {ergonomic}
   size_t InitialHeapSize                          = 268435456                                 {product} {ergonomic}
     bool ManagementServer                         = true                                      {product} {command line}
   size_t MarkStackSize                            = 4194304                                   {product} {ergonomic}
   size_t MaxHeapSize                              = 4263510016                                {product} {ergonomic}
   size_t MaxNewSize                               = 2556428288                                {product} {ergonomic}
   size_t MinHeapDeltaBytes                        = 2097152                                   {product} {ergonomic}
   size_t MinHeapSize                              = 8388608                                   {product} {ergonomic}
    uintx NonNMethodCodeHeapSize                   = 4096                                   {pd product} {ergonomic}
    uintx NonProfiledCodeHeapSize                  = 0                                      {pd product} {ergonomic}
     bool ProfileInterpreter                       = false                                  {pd product} {command line}
    uintx ProfiledCodeHeapSize                     = 0                                      {pd product} {ergonomic}
     bool ShowCodeDetailsInExceptionMessages       = true                                   {manageable} {command line}
   size_t SoftMaxHeapSize                          = 4263510016                             {manageable} {ergonomic}
     intx TieredStopAtLevel                        = 1                                         {product} {command line}
     bool UseCompressedOops                        = true                           {product lp64_product} {ergonomic}
     bool UseG1GC                                  = true                                      {product} {ergonomic}
     bool UseLargePagesIndividualAllocation        = false                                  {pd product} {ergonomic}

Logging:
Log output configuration:
 #0: stdout all=warning uptime,level,tags foldmultilines=false
 #1: stderr all=off uptime,level,tags foldmultilines=false

Environment Variables:
JAVA_HOME=C:\Program Files\Java\jdk-17
PATH=S:\Santhosh Kumar\Software\sts-4.28.1.RELEASE\plugins\org.eclipse.justj.openjdk.hotspot.jre.full.win32.x86_64_21.0.6.v20250130-0529\jre\bin;S:/Santhosh Kumar/Software/sts-4.28.1.RELEASE//plugins/org.eclipse.justj.openjdk.hotspot.jre.full.win32.x86_64_21.0.6.v20250130-0529/jre/bin/server;S:/Santhosh Kumar/Software/sts-4.28.1.RELEASE//plugins/org.eclipse.justj.openjdk.hotspot.jre.full.win32.x86_64_21.0.6.v20250130-0529/jre/bin;C:\Program Files\Common Files\Oracle\Java\javapath;C:\WINDOWS\system32;C:\WINDOWS;C:\WINDOWS\System32\Wbem;C:\WINDOWS\System32\WindowsPowerShell\v1.0\;C:\WINDOWS\System32\OpenSSH\;C:\Program Files\Intel\WiFi\bin\;C:\Program Files\Common Files\Intel\WirelessCommon\;C:\Program Files (x86)\dotnet\;C:\Program Files\Java\jdk-17\bin;C:\Program Files\Java\jdk-17\bin;C:\Program Files\PuTTY\;C:\Program Files\Git\cmd;C:\Users\lenono\AppData\Local\Microsoft\WindowsApps;C:\Users\lenono\AppData\Local\GitHubDesktop\bin;C:\Users\lenono\AppData\Local\Programs\Microsoft VS Code\bin;;S:\Santhosh Kumar\Software\sts-4.28.1.RELEASE;
USERNAME=lenono
OS=Windows_NT
PROCESSOR_IDENTIFIER=Intel64 Family 6 Model 142 Stepping 10, GenuineIntel
TMP=C:\Users\lenono\AppData\Local\Temp
TEMP=C:\Users\lenono\AppData\Local\Temp




Periodic native trim disabled

---------------  S Y S T E M  ---------------

OS:
 Windows 11 , 64 bit Build 26100 (10.0.26100.5074)
OS uptime: 0 days 5:51 hours

CPU: total 8 (initial active 8) (4 cores per cpu, 2 threads per core) family 6 model 142 stepping 10 microcode 0xf6, cx8, cmov, fxsr, ht, mmx, 3dnowpref, sse, sse2, sse3, ssse3, sse4.1, sse4.2, popcnt, lzcnt, tsc, tscinvbit, avx, avx2, aes, erms, clmul, bmi1, bmi2, rtm, adx, fma, vzeroupper, clflush, clflushopt, rdtscp, f16c
Processor Information for the first 8 processors :
  Max Mhz: 2112, Current Mhz: 1910, Mhz Limit: 1900

Memory: 4k page, system-wide physical 16263M (4775M free)
TotalPageFile size 24967M (AvailPageFile size 9537M)
current process WorkingSet (physical memory assigned to process): 877M, peak: 877M
current process commit charge ("private bytes"): 910M, peak: 910M

vm_info: OpenJDK 64-Bit Server VM (21.0.6+7-LTS) for windows-amd64 JRE (21.0.6+7-LTS), built on 2025-01-21T00:00:00Z by "admin" with MS VC++ 17.7 (VS2022)

END.
