#
# A fatal error has been detected by the Java Runtime Environment:
#
#  EXCEPTION_ACCESS_VIOLATION (0xc0000005) at pc=0x0000028950f10fa4, pid=8312, tid=13472
#
# JRE version: Java(TM) SE Runtime Environment (21.0.6+8) (build 21.0.6+8-LTS-188)
# Java VM: Java HotSpot(TM) 64-Bit Server VM (21.0.6+8-LTS-188, mixed mode, emulated-client, sharing, tiered, compressed oops, compressed class ptrs, g1 gc, windows-amd64)
# Problematic frame:
# v  ~BufferBlob::MethodHandles adapters 0x0000028950f10fa4
#
# No core dump will be written. Minidumps are not enabled by default on client versions of Windows
#
# If you would like to submit a bug report, please visit:
#   https://bugreport.java.com/bugreport/crash.jsp
#

---------------  S U M M A R Y ------------

Command Line: -XX:+ShowCodeDetailsInExceptionMessages -agentlib:jdwp=transport=dt_socket,suspend=y,address=localhost:57406 -Dcom.sun.management.jmxremote -Dcom.sun.management.jmxremote.port=62699 -Dcom.sun.management.jmxremote.authenticate=false -Dcom.sun.management.jmxremote.ssl=false -Djava.rmi.server.hostname=localhost -Dspring.jmx.enabled=true -Dmanagement.endpoints.jmx.exposure.include=* -Dspring.application.admin.enabled=true -Dspring.output.ansi.enabled=always -XX:TieredStopAtLevel=1 -Dspring.boot.project.name=WeCoreCommonAPI -javaagent:D:\AJAY\sts-4.28.1.RELEASE\configuration\org.eclipse.osgi\275\0\.cp\lib\javaagent-shaded.jar -Dfile.encoding=UTF-8 -Dstdout.encoding=UTF-8 -Dstderr.encoding=UTF-8 com.maan.eway.EwayCommonApiApplication

Host: Intel(R) Core(TM) i7-8650U CPU @ 1.90GHz, 8 cores, 15G,  Windows 11 , 64 bit Build 26100 (10.0.26100.7623)
Time: Thu Mar 19 12:31:23 2026 India Standard Time elapsed time: 359.733294 seconds (0d 0h 5m 59s)

---------------  T H R E A D  ---------------

Current thread (0x000002896cc508f0):  JavaThread "http-nio-8086-exec-2" daemon [_thread_in_Java, id=13472, stack(0x000000f8c7200000,0x000000f8c7300000) (1024K)]

Stack: [0x000000f8c7200000,0x000000f8c7300000],  sp=0x000000f8c72f8768,  free space=993k
Native frames: (J=compiled Java code, j=interpreted, Vv=VM code, C=native code)
C  0x0000028950f10fa4

The last pc belongs to _linkToVirtual (printed below).

siginfo: EXCEPTION_ACCESS_VIOLATION (0xc0000005), reading address 0xffffffffffffffff


Registers:
RAX=0x0000028950ee9086, RBX=0x00000007279eadc8, RCX=0x000000f8c72f8778, RDX=0x0000000000000003
RSP=0x000000f8c72f8768, RBP=0x000000f8c72f87c0, RSI=0x000002896dbfd698, RDI=0x000002896de65d20
R8 =0x0000000000000004, R9 =0x0000000000000004, R10=0x000002890072bd33, R11=0xe4082c0ee4080126
R12=0x0000000000000000, R13=0x000000f8c72f8768, R14=0x000000f8c72f87e8, R15=0x000002896cc508f0
RIP=0x0000028950f10fa4, EFLAGS=0x0000000000010206


Register to memory mapping:

RAX=0x0000028950ee9086 is at code_begin+3078 in an Interpreter codelet
return entry points  [0x0000028950ee8480, 0x0000028950eea298]  7704 bytes
RBX=0x00000007279eadc8 is an oop: com.maan.eway.common.req.AutoInsertTermsReq 
{0x00000007279eadc8} - klass: 'com/maan/eway/common/req/AutoInsertTermsReq'
 - ---- fields (total size 5 words):
 - private 'requestReferenceNo' 'Ljava/lang/String;' @12  "PINCPP-40746"{0x00000007204008f8} (0xe408011f)
 - private 'quoteNo' 'Ljava/lang/String;' @16  "PIN-Q40552"{0x0000000720400930} (0xe4080126)
 - private 'companyId' 'Ljava/lang/String;' @20  "100050"{0x0000000720416070} (0xe4082c0e)
 - private 'branchCode' 'Ljava/lang/String;' @24  "120"{0x00000007279df958} (0xe4f3bf2b)
 - private 'productId' 'Ljava/lang/String;' @28  "92"{0x00000007204009a0} (0xe4080134)
 - private 'createdBy' 'Ljava/lang/String;' @32  "NAM_Broker"{0x0000000720400a00} (0xe4080140)
RCX=0x000000f8c72f8778 is pointing into the stack for thread: 0x000002896cc508f0
RDX=0x0000000000000003 is an unknown value
RSP=0x000000f8c72f8768 is pointing into the stack for thread: 0x000002896cc508f0
RBP=0x000000f8c72f87c0 is pointing into the stack for thread: 0x000002896cc508f0
RSI=0x000002896dbfd698 points into unknown readable memory: 0x0000000000000000 | 00 00 00 00 00 00 00 00
RDI=0x000002896de65d20 points into unknown readable memory: 0x0000002000000070 | 70 00 00 00 20 00 00 00
R8 =0x0000000000000004 is an unknown value
R9 =0x0000000000000004 is an unknown value
R10=0x000002890072bd33 is pointing into metadata
R11=0xe4082c0ee4080126 is an unknown value
R12=0x0 is null
R13=0x000000f8c72f8768 is pointing into the stack for thread: 0x000002896cc508f0
R14=0x000000f8c72f87e8 is pointing into the stack for thread: 0x000002896cc508f0
R15=0x000002896cc508f0 is a thread

Top of Stack: (sp=0x000000f8c72f8768)
0x000000f8c72f8768:   0000028950ee9086 00000007115d1148
0x000000f8c72f8778:   000000f8c72f8778 000002890072bd33
0x000000f8c72f8788:   0000000000000005 00000289000b1870
0x000000f8c72f8798:   0000000000000001 00000007027b9190
0x000000f8c72f87a8:   00000289000b4368 000000f8c72f8768
0x000000f8c72f87b8:   000000f8c72f87f0 000000f8c72f8bd0
0x000000f8c72f87c8:   0000028951d764c7 00000007279eb1e0
0x000000f8c72f87d8:   00000007279eadc8 00000007115d1148
0x000000f8c72f87e8:   00000007279eb358 0000000705d307c0
0x000000f8c72f87f8:   000002895115931e 0000000000000112
0x000000f8c72f8808:   0000000705d307c0 00000007279eb728
0x000000f8c72f8818:   00000007279eadc8 00000007115d1148
0x000000f8c72f8828:   00000007279eb640 00000007115d1148
0x000000f8c72f8838:   00000007279eb520 00000007279eb358
0x000000f8c72f8848:   00000007279eadc8 0000028951d763dc
0x000000f8c72f8858:   0000000000000000 000000f8c72f8bd0
0x000000f8c72f8868:   0000028951b41f32 0000000705d307c0
0x000000f8c72f8878:   00000007279eb758 00000007279eb728
0x000000f8c72f8888:   0000000000000001 0000000705d307c0
0x000000f8c72f8898:   0000000702e40800 0000000711079a08
0x000000f8c72f88a8:   00007ffb5c005395 000000f8c72f8bd0
0x000000f8c72f88b8:   000002895133846c 0000000000000000
0x000000f8c72f88c8:   0000000000000000 000000f8c72f8bd0
0x000000f8c72f88d8:   0000028952091f74 0000000000000000
0x000000f8c72f88e8:   0000000000000000 0000000000000000
0x000000f8c72f88f8:   0000000000000000 0000000000000000
0x000000f8c72f8908:   0000000000000000 0000000000000000
0x000000f8c72f8918:   0000000000000000 00000007279eb758
0x000000f8c72f8928:   00000007279eadf0 00000007115d1148
0x000000f8c72f8938:   00000007027b7e30 0000000710cd7110
0x000000f8c72f8948:   0000000700000000 0000000000000000
0x000000f8c72f8958:   00000007279eb758 000000f8c72f8bd0 

Instructions: (pc=0x0000028950f10fa4)
0x0000028950f10ea4:   89 02 00 00 00 0f f1 50 89 02 00 00 80 1f f1 50
0x0000028950f10eb4:   89 02 00 00 f0 0e f1 50 89 02 00 00 f0 0e f1 50
0x0000028950f10ec4:   89 02 00 00 00 00 00 00 00 00 00 00 10 4f 59 5c
0x0000028950f10ed4:   fb 7f 00 00 f0 10 00 00 60 00 00 00 ff ff ff ff
0x0000028950f10ee4:   f0 10 00 00 00 00 00 00 00 00 00 00 00 00 00 00
0x0000028950f10ef4:   00 00 00 00 00 00 00 00 00 00 00 00 f4 66 66 66
0x0000028950f10f04:   0f 1f 84 00 00 00 00 00 66 66 66 90 66 66 66 0f
0x0000028950f10f14:   1f 84 00 00 00 00 00 66 66 66 90 90 48 8b 53 08
0x0000028950f10f24:   0f b7 52 2e 48 8b 0c d4 8b 59 14 48 c1 e3 03 8b
0x0000028950f10f34:   5b 28 48 c1 e3 03 8b 5b 24 48 c1 e3 03 48 8b 5b
0x0000028950f10f44:   10 48 85 db 0f 84 10 00 00 00 41 80 bf d8 05 00
0x0000028950f10f54:   00 00 74 03 ff 63 38 ff 63 50 e9 9d 16 00 00 66
0x0000028950f10f64:   66 66 0f 1f 84 00 00 00 00 00 66 66 66 90 66 66
0x0000028950f10f74:   0f 1f 84 00 00 00 00 00 66 66 66 90 48 8b 53 08
0x0000028950f10f84:   0f b7 52 2e 48 8b 0c d4 58 5b 50 44 8b 51 08 49
0x0000028950f10f94:   bb 00 00 00 00 89 02 00 00 4d 03 d3 4c 8b 5b 10
0x0000028950f10fa4:   4b 8b 9c da c0 01 00 00 48 85 db 0f 84 10 00 00
0x0000028950f10fb4:   00 41 80 bf d8 05 00 00 00 74 03 ff 63 38 ff 63
0x0000028950f10fc4:   50 e9 36 16 00 00 66 66 66 0f 1f 84 00 00 00 00
0x0000028950f10fd4:   00 66 66 66 90 0f 1f 80 00 00 00 00 58 5b 50 8b
0x0000028950f10fe4:   5b 24 48 c1 e3 03 48 8b 5b 10 48 85 db 0f 84 10
0x0000028950f10ff4:   00 00 00 41 80 bf d8 05 00 00 00 74 03 ff 63 38
0x0000028950f11004:   ff 63 50 e9 f4 15 00 00 66 66 66 0f 1f 84 00 00
0x0000028950f11014:   00 00 00 66 66 66 90 0f 1f 44 00 00 48 8b 53 08
0x0000028950f11024:   0f b7 52 2e 48 8b 0c d4 58 5b 50 48 3b 01 8b 5b
0x0000028950f11034:   24 48 c1 e3 03 48 8b 5b 10 48 85 db 0f 84 10 00
0x0000028950f11044:   00 00 41 80 bf d8 05 00 00 00 74 03 ff 63 38 ff
0x0000028950f11054:   63 50 e9 a5 15 00 00 0f 1f 44 00 00 48 8b 53 08
0x0000028950f11064:   0f b7 52 2e 48 8b 0c d4 58 5b 50 44 8b 51 08 49
0x0000028950f11074:   bb 00 00 00 00 89 02 00 00 4d 03 d3 8b 43 18 48
0x0000028950f11084:   c1 e0 03 48 8b 40 10 48 8b 5b 10 45 8b 9a a0 00
0x0000028950f11094:   00 00 4f 8d 9c da c0 01 00 00 4d 8d 14 da 49 8b 


Stack slot to memory mapping:

stack at sp + 0 slots: 0x0000028950ee9086 is at code_begin+3078 in an Interpreter codelet
return entry points  [0x0000028950ee8480, 0x0000028950eea298]  7704 bytes
stack at sp + 1 slots: 0x00000007115d1148 is an oop: com.maan.eway.common.service.impl.TermsAndConditionServiceImpl 
{0x00000007115d1148} - klass: 'com/maan/eway/common/service/impl/TermsAndConditionServiceImpl'
 - ---- fields (total size 11 words):
 - private 'log' 'Lorg/apache/logging/log4j/Logger;' @12  a 'org/apache/logging/slf4j/SLF4JLogger'{0x00000007114ae090} (0xe2295c12)
 - private 'em' 'Ljakarta/persistence/EntityManager;' @16  a 'jdk/proxy2/$Proxy166'{0x00000007115d11a0} (0xe22ba234)
 - private 'warrantyRepo' 'Lcom/maan/eway/repository/WarrantyMasterRepository;' @20  a 'jdk/proxy2/$Proxy328'{0x000000070d485b60} (0xe1a90b6c)
 - private 'warRepo' 'Lcom/maan/eway/repository/WarRateMasterRepository;' @24  a 'jdk/proxy2/$Proxy375'{0x0000000710e22188} (0xe21c4431)
 - private 'exclusionRepo' 'Lcom/maan/eway/repository/ExclusionMasterRepository;' @28  a 'jdk/proxy2/$Proxy247'{0x000000070caac590} (0xe19558b2)
 - private 'clausesRepo' 'Lcom/maan/eway/repository/ClausesMasterRepository;' @32  a 'jdk/proxy2/$Proxy250'{0x000000070f34bcb0} (0xe1e69796)
 - private 'inuranceRepo' 'Lcom/maan/eway/repository/InsuranceCompanyMasterRepository;' @36  a 'jdk/proxy2/$Proxy175'{0x0000000707e6a710} (0xe0fcd4e2)
 - private 'branchRepo' 'Lcom/maan/eway/repository/BranchMasterRepository;' @40  a 'jdk/proxy2/$Proxy173'{0x000000070b19a460} (0xe163348c)
 - private 'productRepo' 'Lcom/maan/eway/repository/ProductMasterRepository;' @44  a 'jdk/proxy2/$Proxy178'{0x000000070a3b4f28} (0xe14769e5)
 - private 'sectionRepo' 'Lcom/maan/eway/repository/SectionMasterRepository;' @48  a 'jdk/proxy2/$Proxy304'{0x000000070fd34570} (0xe1fa68ae)
 - private 'termsRepo' 'Lcom/maan/eway/repository/TermsAndConditionRepository;' @52  a 'jdk/proxy2/$Proxy329'{0x000000070ea52de8} (0xe1d4a5bd)
 - private 'listRepo' 'Lcom/maan/eway/repository/ListItemValueRepository;' @56  a 'jdk/proxy2/$Proxy245'{0x000000070cc19840} (0xe1983308)
 - private 'buildRepo' 'Lcom/maan/eway/repository/EserviceBuildingDetailsRepository;' @60  a 'jdk/proxy2/$Proxy213'{0x000000070e513698} (0xe1ca26d3)
 - private 'commonRepo' 'Lcom/maan/eway/repository/EserviceCommonDetailsRepository;' @64  a 'jdk/proxy2/$Proxy215'{0x000000070df28b58} (0xe1be516b)
 - private 'EServiceMotorDetailsRepo' 'Lcom/maan/eway/repository/EServiceMotorDetailsRepository;' @68  a 'jdk/proxy2/$Proxy191'{0x000000070fc916b0} (0xe1f922d6)
 - private 'entityManager' 'Ljakarta/persistence/EntityManager;' @72  a 'jdk/proxy2/$Proxy166'{0x0000000710cb04b8} (0xe2196097)
 - private 'mapper' 'Lorg/modelmapper/ModelMapper;' @76  a 'org/modelmapper/ModelMapper'{0x0000000711337040} (0xe2266e08)
 - private 'policyCoverRepo' 'Lcom/maan/eway/repository/PolicyCoverDataRepository;' @80  a 'jdk/proxy2/$Proxy210'{0x000000070d7a4528} (0xe1af48a5)
stack at sp + 2 slots: 0x000000f8c72f8778 is pointing into the stack for thread: 0x000002896cc508f0
stack at sp + 3 slots: 0x000002890072bd33 is pointing into metadata
stack at sp + 4 slots: 0x0000000000000005 is an unknown value
stack at sp + 5 slots: 0x00000289000b1870 is pointing into metadata
stack at sp + 6 slots: 0x0000000000000001 is an unknown value
stack at sp + 7 slots: 0x00000007027b9190 is an oop: java.lang.Class 
{0x00000007027b9190} - klass: 'java/lang/Class'
 - ---- fields (total size 14 words):
 - private volatile transient 'classRedefinedCount' 'I' @12  0 (0x00000000)
 - injected 'klass' 'J' @16  2787434501192 (0x00000289000b1448)
 - injected 'array_klass' 'J' @24  0 (0x0000000000000000)
 - injected 'oop_size' 'I' @32  14 (0x0000000e)
 - injected 'static_oop_field_count' 'I' @36  0 (0x00000000)
 - private volatile transient 'cachedConstructor' 'Ljava/lang/reflect/Constructor;' @40  null (0x00000000)
 - private transient 'name' 'Ljava/lang/String;' @44  null (0x00000000)
 - private transient 'module' 'Ljava/lang/Module;' @48  a 'java/lang/Module'{0x000000070279d3b8} (0xe04f3a77)
 - private final 'classLoader' 'Ljava/lang/ClassLoader;' @52  null (0x00000000)
 - private transient 'classData' 'Ljava/lang/Object;' @56  null (0x00000000)
 - private transient 'packageName' 'Ljava/lang/String;' @60  null (0x00000000)
 - private final 'componentType' 'Ljava/lang/Class;' @64  null (0x00000000)
 - private volatile transient 'reflectionData' 'Ljava/lang/ref/SoftReference;' @68  null (0x00000000)
 - private volatile transient 'genericInfo' 'Lsun/reflect/generics/repository/ClassRepository;' @72  null (0x00000000)
 - private volatile transient 'enumConstants' '[Ljava/lang/Object;' @76  null (0x00000000)
 - private volatile transient 'enumConstantDirectory' 'Ljava/util/Map;' @80  null (0x00000000)
 - private volatile transient 'annotationData' 'Ljava/lang/Class$AnnotationData;' @84  null (0x00000000)
 - private volatile transient 'annotationType' 'Lsun/reflect/annotation/AnnotationType;' @88  null (0x00000000)
 - transient 'classValueMap' 'Ljava/lang/ClassValue$ClassValueMap;' @92  null (0x00000000)
 - injected 'protection_domain' 'Ljava/lang/Object;' @96  null (0x00000000)
 - injected 'signers_name' 'Ljava/lang/Object;' @100  null (0x00000000)
 - injected 'source_file' 'Ljava/lang/Object;' @104  null (0x00000000)
 - injected '<init_lock>' 'Ljava/lang/Object;' @108  null (0x00000000)
 - signature: Ljava/lang/invoke/DirectMethodHandle$Holder;
 - ---- static fields (0):

MethodHandle::interpreter_entry::_linkToVirtual [0x0000028950f10f63, 0x0000028950f10fca] (103 bytes)
[MachCode]
  0x0000028950f10f63: 6666 660f | 1f84 0000 | 0000 0066 | 6666 9066 | 660f 1f84 | 0000 0000 | 0066 6666 | 9048 8b53 
  0x0000028950f10f83: 080f b752 | 2e48 8b0c | d458 5b50 | 448b 5108 | 49bb 0000 | 0000 8902 | 0000 4d03 | d34c 8b5b 
  0x0000028950f10fa3: 104b 8b9c | dac0 0100 | 0048 85db | 0f84 1000 | 0000 4180 | bfd8 0500 | 0000 7403 | ff63 38ff 
  0x0000028950f10fc3: 6350 e936 | 
[/MachCode]

---------------  P R O C E S S  ---------------

Threads class SMR info:
_java_thread_list=0x0000028965b88eb0, length=41, elements={
0x000002895bb26be0, 0x000002895bb2e280, 0x000002895bb33930, 0x000002895bb36050,
0x000002895bb45d30, 0x000002895bb4e590, 0x000002895bb594d0, 0x000002895bdae870,
0x000002895be6ab70, 0x00000289600166a0, 0x0000028960018dd0, 0x0000028960ca9760,
0x00000289610b2bf0, 0x00000289610db010, 0x00000289613840b0, 0x000002895bdaff20,
0x000002896005ffb0, 0x00000289611b1d20, 0x0000028965329b10, 0x000002896c07ce30,
0x000002896c07c090, 0x000002896c07d500, 0x000002896152c030, 0x000002896cc50fc0,
0x000002896cc508f0, 0x000002896cc54640, 0x000002896cc54d10, 0x000002896cc51690,
0x000002896cc52b00, 0x000002896cc56850, 0x000002896cc553e0, 0x000002896cc55ab0,
0x000002896cc56180, 0x000002896cc575f0, 0x0000028961527540, 0x0000028961526e70,
0x0000028961529080, 0x000002896152b960, 0x000002896d8d8940, 0x000002896d8db220,
0x000002896d8d7ba0
}

Java Threads: ( => current thread )
  0x000002895bb26be0 JavaThread "Reference Handler"          daemon [_thread_blocked, id=23888, stack(0x000000f8c4a00000,0x000000f8c4b00000) (1024K)]
  0x000002895bb2e280 JavaThread "Finalizer"                  daemon [_thread_blocked, id=23084, stack(0x000000f8c4b00000,0x000000f8c4c00000) (1024K)]
  0x000002895bb33930 JavaThread "Signal Dispatcher"          daemon [_thread_blocked, id=52112, stack(0x000000f8c4c00000,0x000000f8c4d00000) (1024K)]
  0x000002895bb36050 JavaThread "Attach Listener"            daemon [_thread_blocked, id=24216, stack(0x000000f8c4d00000,0x000000f8c4e00000) (1024K)]
  0x000002895bb45d30 JavaThread "Service Thread"             daemon [_thread_blocked, id=65844, stack(0x000000f8c4e00000,0x000000f8c4f00000) (1024K)]
  0x000002895bb4e590 JavaThread "Monitor Deflation Thread"   daemon [_thread_blocked, id=8116, stack(0x000000f8c4f00000,0x000000f8c5000000) (1024K)]
  0x000002895bb594d0 JavaThread "C1 CompilerThread0"         daemon [_thread_blocked, id=14784, stack(0x000000f8c5000000,0x000000f8c5100000) (1024K)]
  0x000002895bdae870 JavaThread "Common-Cleaner"             daemon [_thread_blocked, id=17896, stack(0x000000f8c5100000,0x000000f8c5200000) (1024K)]
  0x000002895be6ab70 JavaThread "JDWP Transport Listener: dt_socket" daemon [_thread_blocked, id=58944, stack(0x000000f8c5300000,0x000000f8c5400000) (1024K)]
  0x00000289600166a0 JavaThread "JDWP Event Helper Thread"   daemon [_thread_blocked, id=53288, stack(0x000000f8c5400000,0x000000f8c5500000) (1024K)]
  0x0000028960018dd0 JavaThread "JDWP Command Reader"        daemon [_thread_in_native, id=26948, stack(0x000000f8c5500000,0x000000f8c5600000) (1024K)]
  0x0000028960ca9760 JavaThread "Notification Thread"        daemon [_thread_blocked, id=35812, stack(0x000000f8c5600000,0x000000f8c5700000) (1024K)]
  0x00000289610b2bf0 JavaThread "RMI TCP Accept-0"           daemon [_thread_in_native, id=42316, stack(0x000000f8c6000000,0x000000f8c6100000) (1024K)]
  0x00000289610db010 JavaThread "RMI TCP Accept-62699"       daemon [_thread_in_native, id=33764, stack(0x000000f8c6100000,0x000000f8c6200000) (1024K)]
  0x00000289613840b0 JavaThread "RMI TCP Accept-0"           daemon [_thread_in_native, id=21972, stack(0x000000f8c6200000,0x000000f8c6300000) (1024K)]
  0x000002895bdaff20 JavaThread "RMI Scheduler(0)"           daemon [_thread_blocked, id=7380, stack(0x000000f8c6400000,0x000000f8c6500000) (1024K)]
  0x000002896005ffb0 JavaThread "JMX server connection timeout 38" daemon [_thread_blocked, id=40176, stack(0x000000f8c6600000,0x000000f8c6700000) (1024K)]
  0x00000289611b1d20 JavaThread "mysql-cj-abandoned-connection-cleanup" daemon [_thread_blocked, id=39888, stack(0x000000f8c6700000,0x000000f8c6800000) (1024K)]
  0x0000028965329b10 JavaThread "HikariPool-1 housekeeper"   daemon [_thread_blocked, id=23216, stack(0x000000f8c6a00000,0x000000f8c6b00000) (1024K)]
  0x000002896c07ce30 JavaThread "Catalina-utility-1"                [_thread_blocked, id=26468, stack(0x000000f8c6b00000,0x000000f8c6c00000) (1024K)]
  0x000002896c07c090 JavaThread "Catalina-utility-2"                [_thread_blocked, id=58184, stack(0x000000f8c6e00000,0x000000f8c6f00000) (1024K)]
  0x000002896c07d500 JavaThread "container-0"                       [_thread_blocked, id=6552, stack(0x000000f8c6f00000,0x000000f8c7000000) (1024K)]
  0x000002896152c030 JavaThread "MySQL Statement Cancellation Timer" daemon [_thread_blocked, id=34252, stack(0x000000f8c7000000,0x000000f8c7100000) (1024K)]
  0x000002896cc50fc0 JavaThread "http-nio-8086-exec-1"       daemon [_thread_blocked, id=43060, stack(0x000000f8c7100000,0x000000f8c7200000) (1024K)]
=>0x000002896cc508f0 JavaThread "http-nio-8086-exec-2"       daemon [_thread_in_Java, id=13472, stack(0x000000f8c7200000,0x000000f8c7300000) (1024K)]
  0x000002896cc54640 JavaThread "http-nio-8086-exec-3"       daemon [_thread_blocked, id=61496, stack(0x000000f8c7300000,0x000000f8c7400000) (1024K)]
  0x000002896cc54d10 JavaThread "http-nio-8086-exec-4"       daemon [_thread_blocked, id=27380, stack(0x000000f8c7400000,0x000000f8c7500000) (1024K)]
  0x000002896cc51690 JavaThread "http-nio-8086-exec-5"       daemon [_thread_blocked, id=41748, stack(0x000000f8c7500000,0x000000f8c7600000) (1024K)]
  0x000002896cc52b00 JavaThread "http-nio-8086-exec-6"       daemon [_thread_blocked, id=61868, stack(0x000000f8c7600000,0x000000f8c7700000) (1024K)]
  0x000002896cc56850 JavaThread "http-nio-8086-exec-7"       daemon [_thread_blocked, id=8656, stack(0x000000f8c7700000,0x000000f8c7800000) (1024K)]
  0x000002896cc553e0 JavaThread "http-nio-8086-exec-8"       daemon [_thread_blocked, id=58448, stack(0x000000f8c7800000,0x000000f8c7900000) (1024K)]
  0x000002896cc55ab0 JavaThread "http-nio-8086-exec-9"       daemon [_thread_blocked, id=37856, stack(0x000000f8c7900000,0x000000f8c7a00000) (1024K)]
  0x000002896cc56180 JavaThread "http-nio-8086-exec-10"      daemon [_thread_blocked, id=37636, stack(0x000000f8c7a00000,0x000000f8c7b00000) (1024K)]
  0x000002896cc575f0 JavaThread "http-nio-8086-Poller"       daemon [_thread_in_native, id=60180, stack(0x000000f8c7b00000,0x000000f8c7c00000) (1024K)]
  0x0000028961527540 JavaThread "http-nio-8086-Acceptor"     daemon [_thread_in_native, id=19508, stack(0x000000f8c7c00000,0x000000f8c7d00000) (1024K)]
  0x0000028961526e70 JavaThread "scheduling-1"                      [_thread_blocked, id=26392, stack(0x000000f8c7d00000,0x000000f8c7e00000) (1024K)]
  0x0000028961529080 JavaThread "DestroyJavaVM"                     [_thread_blocked, id=21480, stack(0x000000f8c4200000,0x000000f8c4300000) (1024K)]
  0x000002896152b960 JavaThread "RMI TCP Connection(13)-127.0.0.1" daemon [_thread_in_native, id=55704, stack(0x000000f8c8500000,0x000000f8c8600000) (1024K)]
  0x000002896d8d8940 JavaThread "MySQL Statement Cancellation Timer" daemon [_thread_blocked, id=21944, stack(0x000000f8c8400000,0x000000f8c8500000) (1024K)]
  0x000002896d8db220 JavaThread "MySQL Statement Cancellation Timer" daemon [_thread_blocked, id=22980, stack(0x000000f8c8800000,0x000000f8c8900000) (1024K)]
  0x000002896d8d7ba0 JavaThread "MySQL Statement Cancellation Timer" daemon [_thread_blocked, id=6320, stack(0x000000f8c8900000,0x000000f8c8a00000) (1024K)]
Total: 41

Other Threads:
  0x00000289541e3cb0 VMThread "VM Thread"                           [id=53672, stack(0x000000f8c4900000,0x000000f8c4a00000) (1024K)]
  0x00000289541cb550 WatcherThread "VM Periodic Task Thread"        [id=33140, stack(0x000000f8c4800000,0x000000f8c4900000) (1024K)]
  0x00000289540300d0 WorkerThread "GC Thread#0"                     [id=49296, stack(0x000000f8c4300000,0x000000f8c4400000) (1024K)]
  0x0000028960dfdbe0 WorkerThread "GC Thread#1"                     [id=56768, stack(0x000000f8c5700000,0x000000f8c5800000) (1024K)]
  0x0000028960e0dfd0 WorkerThread "GC Thread#2"                     [id=46340, stack(0x000000f8c5800000,0x000000f8c5900000) (1024K)]
  0x0000028960e0e3b0 WorkerThread "GC Thread#3"                     [id=57084, stack(0x000000f8c5900000,0x000000f8c5a00000) (1024K)]
  0x0000028960e0f1b0 WorkerThread "GC Thread#4"                     [id=24100, stack(0x000000f8c5a00000,0x000000f8c5b00000) (1024K)]
  0x0000028960e1f5a0 WorkerThread "GC Thread#5"                     [id=2592, stack(0x000000f8c5b00000,0x000000f8c5c00000) (1024K)]
  0x0000028960e63880 WorkerThread "GC Thread#6"                     [id=52100, stack(0x000000f8c5c00000,0x000000f8c5d00000) (1024K)]
  0x0000028960e63c60 WorkerThread "GC Thread#7"                     [id=28732, stack(0x000000f8c5d00000,0x000000f8c5e00000) (1024K)]
  0x0000028954040f30 ConcurrentGCThread "G1 Main Marker"            [id=26480, stack(0x000000f8c4400000,0x000000f8c4500000) (1024K)]
  0x00000289540431a0 WorkerThread "G1 Conc#0"                       [id=37812, stack(0x000000f8c4500000,0x000000f8c4600000) (1024K)]
  0x0000028962107f30 WorkerThread "G1 Conc#1"                       [id=47636, stack(0x000000f8c6800000,0x000000f8c6900000) (1024K)]
  0x0000028954116a50 ConcurrentGCThread "G1 Refine#0"               [id=36140, stack(0x000000f8c4600000,0x000000f8c4700000) (1024K)]
  0x000002895411aef0 ConcurrentGCThread "G1 Service"                [id=36496, stack(0x000000f8c4700000,0x000000f8c4800000) (1024K)]
Total: 15

Threads with active compile tasks:
Total: 0

VM state: not at safepoint (normal execution)

VM Mutex/Monitor currently owned by a thread: None

Heap address: 0x0000000702000000, size: 4064 MB, Compressed Oops mode: Zero based, Oop shift amount: 3

CDS archive(s) mapped at: [0x0000028900000000-0x0000028900c90000-0x0000028900c90000), size 13172736, SharedBaseAddress: 0x0000028900000000, ArchiveRelocationMode: 1.
Compressed class space mapped at: 0x0000028901000000-0x0000028941000000, reserved size: 1073741824
Narrow klass base: 0x0000028900000000, Narrow klass shift: 0, Narrow klass range: 0x100000000

GC Precious Log:
 CardTable entry size: 512
 Card Set container configuration: InlinePtr #cards 4 size 8 Array Of Cards #cards 16 size 48 Howl #buckets 8 coarsen threshold 3686 Howl Bitmap #cards 512 size 80 coarsen threshold 460 Card regions per heap region 1 cards per card region 4096
 CPUs: 8 total, 8 available
 Memory: 16254M
 Large Page Support: Disabled
 NUMA Support: Disabled
 Compressed Oops: Enabled (Zero based)
 Heap Region Size: 2M
 Heap Min Capacity: 8M
 Heap Initial Capacity: 254M
 Heap Max Capacity: 4064M
 Pre-touch: Disabled
 Parallel Workers: 8
 Concurrent Workers: 2
 Concurrent Refinement Workers: 8
 Periodic GC: Disabled

Heap:
 garbage-first heap   total 673792K, used 435393K [0x0000000702000000, 0x0000000800000000)
  region size 2048K, 42 young (86016K), 7 survivors (14336K)
 Metaspace       used 154156K, committed 156416K, reserved 1245184K
  class space    used 17024K, committed 18176K, reserved 1048576K

Heap Regions: E=young(eden), S=young(survivor), O=old, HS=humongous(starts), HC=humongous(continues), CS=collection set, F=free, TAMS=top-at-mark-start, PB=parsable bottom
|   0|0x0000000702000000, 0x0000000702200000, 0x0000000702200000|100%| O|  |TAMS 0x0000000702000000| PB 0x0000000702000000| Untracked 
|   1|0x0000000702200000, 0x0000000702400000, 0x0000000702400000|100%| O|  |TAMS 0x0000000702200000| PB 0x0000000702200000| Untracked 
|   2|0x0000000702400000, 0x0000000702600000, 0x0000000702600000|100%| O|  |TAMS 0x0000000702400000| PB 0x0000000702400000| Untracked 
|   3|0x0000000702600000, 0x0000000702800000, 0x0000000702800000|100%| O|  |TAMS 0x0000000702600000| PB 0x0000000702600000| Untracked 
|   4|0x0000000702800000, 0x0000000702a00000, 0x0000000702a00000|100%| O|  |TAMS 0x0000000702800000| PB 0x0000000702800000| Untracked 
|   5|0x0000000702a00000, 0x0000000702c00000, 0x0000000702c00000|100%| O|Cm|TAMS 0x0000000702a00000| PB 0x0000000702a00000| Complete 
|   6|0x0000000702c00000, 0x0000000702e00000, 0x0000000702e00000|100%| O|  |TAMS 0x0000000702c00000| PB 0x0000000702c00000| Untracked 
|   7|0x0000000702e00000, 0x0000000703000000, 0x0000000703000000|100%| O|  |TAMS 0x0000000702e00000| PB 0x0000000702e00000| Untracked 
|   8|0x0000000703000000, 0x0000000703200000, 0x0000000703200000|100%| O|  |TAMS 0x0000000703000000| PB 0x0000000703000000| Untracked 
|   9|0x0000000703200000, 0x0000000703400000, 0x0000000703400000|100%| O|Cm|TAMS 0x0000000703200000| PB 0x0000000703200000| Complete 
|  10|0x0000000703400000, 0x0000000703600000, 0x0000000703600000|100%| O|  |TAMS 0x0000000703400000| PB 0x0000000703400000| Untracked 
|  11|0x0000000703600000, 0x0000000703800000, 0x0000000703800000|100%| O|  |TAMS 0x0000000703600000| PB 0x0000000703600000| Untracked 
|  12|0x0000000703800000, 0x0000000703a00000, 0x0000000703a00000|100%| O|Cm|TAMS 0x0000000703800000| PB 0x0000000703800000| Complete 
|  13|0x0000000703a00000, 0x0000000703c00000, 0x0000000703c00000|100%| O|Cm|TAMS 0x0000000703a00000| PB 0x0000000703a00000| Complete 
|  14|0x0000000703c00000, 0x0000000703e00000, 0x0000000703e00000|100%| O|  |TAMS 0x0000000703c00000| PB 0x0000000703c00000| Untracked 
|  15|0x0000000703e00000, 0x0000000704000000, 0x0000000704000000|100%| O|Cm|TAMS 0x0000000703e00000| PB 0x0000000703e00000| Complete 
|  16|0x0000000704000000, 0x0000000704200000, 0x0000000704200000|100%| O|Cm|TAMS 0x0000000704000000| PB 0x0000000704000000| Complete 
|  17|0x0000000704200000, 0x0000000704400000, 0x0000000704400000|100%| O|Cm|TAMS 0x0000000704200000| PB 0x0000000704200000| Complete 
|  18|0x0000000704400000, 0x0000000704600000, 0x0000000704600000|100%| O|Cm|TAMS 0x0000000704400000| PB 0x0000000704400000| Complete 
|  19|0x0000000704600000, 0x0000000704800000, 0x0000000704800000|100%| O|Cm|TAMS 0x0000000704600000| PB 0x0000000704600000| Complete 
|  20|0x0000000704800000, 0x0000000704a00000, 0x0000000704a00000|100%| O|Cm|TAMS 0x0000000704800000| PB 0x0000000704800000| Complete 
|  21|0x0000000704a00000, 0x0000000704c00000, 0x0000000704c00000|100%| O|  |TAMS 0x0000000704a00000| PB 0x0000000704a00000| Untracked 
|  22|0x0000000704c00000, 0x0000000704e00000, 0x0000000704e00000|100%| O|  |TAMS 0x0000000704c00000| PB 0x0000000704c00000| Untracked 
|  23|0x0000000704e00000, 0x0000000705000000, 0x0000000705000000|100%| O|Cm|TAMS 0x0000000704e00000| PB 0x0000000704e00000| Complete 
|  24|0x0000000705000000, 0x0000000705200000, 0x0000000705200000|100%| O|Cm|TAMS 0x0000000705000000| PB 0x0000000705000000| Complete 
|  25|0x0000000705200000, 0x0000000705400000, 0x0000000705400000|100%| O|Cm|TAMS 0x0000000705200000| PB 0x0000000705200000| Complete 
|  26|0x0000000705400000, 0x0000000705600000, 0x0000000705600000|100%| O|  |TAMS 0x0000000705400000| PB 0x0000000705400000| Untracked 
|  27|0x0000000705600000, 0x0000000705800000, 0x0000000705800000|100%| O|Cm|TAMS 0x0000000705600000| PB 0x0000000705600000| Complete 
|  28|0x0000000705800000, 0x0000000705a00000, 0x0000000705a00000|100%| O|Cm|TAMS 0x0000000705800000| PB 0x0000000705800000| Complete 
|  29|0x0000000705a00000, 0x0000000705c00000, 0x0000000705c00000|100%| O|  |TAMS 0x0000000705a00000| PB 0x0000000705a00000| Untracked 
|  30|0x0000000705c00000, 0x0000000705e00000, 0x0000000705e00000|100%| O|  |TAMS 0x0000000705c00000| PB 0x0000000705c00000| Untracked 
|  31|0x0000000705e00000, 0x0000000706000000, 0x0000000706000000|100%| O|  |TAMS 0x0000000705e00000| PB 0x0000000705e00000| Untracked 
|  32|0x0000000706000000, 0x0000000706200000, 0x0000000706200000|100%| O|Cm|TAMS 0x0000000706000000| PB 0x0000000706000000| Complete 
|  33|0x0000000706200000, 0x0000000706400000, 0x0000000706400000|100%| O|  |TAMS 0x0000000706200000| PB 0x0000000706200000| Untracked 
|  34|0x0000000706400000, 0x0000000706600000, 0x0000000706600000|100%| O|Cm|TAMS 0x0000000706400000| PB 0x0000000706400000| Complete 
|  35|0x0000000706600000, 0x0000000706800000, 0x0000000706800000|100%| O|  |TAMS 0x0000000706600000| PB 0x0000000706600000| Untracked 
|  36|0x0000000706800000, 0x0000000706a00000, 0x0000000706a00000|100%| O|  |TAMS 0x0000000706800000| PB 0x0000000706800000| Untracked 
|  37|0x0000000706a00000, 0x0000000706c00000, 0x0000000706c00000|100%| O|  |TAMS 0x0000000706a00000| PB 0x0000000706a00000| Untracked 
|  38|0x0000000706c00000, 0x0000000706e00000, 0x0000000706e00000|100%| O|  |TAMS 0x0000000706c00000| PB 0x0000000706c00000| Untracked 
|  39|0x0000000706e00000, 0x0000000707000000, 0x0000000707000000|100%| O|  |TAMS 0x0000000706e00000| PB 0x0000000706e00000| Untracked 
|  40|0x0000000707000000, 0x0000000707200000, 0x0000000707200000|100%| O|  |TAMS 0x0000000707000000| PB 0x0000000707000000| Untracked 
|  41|0x0000000707200000, 0x0000000707400000, 0x0000000707400000|100%| O|  |TAMS 0x0000000707200000| PB 0x0000000707200000| Untracked 
|  42|0x0000000707400000, 0x0000000707600000, 0x0000000707600000|100%| O|  |TAMS 0x0000000707400000| PB 0x0000000707400000| Untracked 
|  43|0x0000000707600000, 0x0000000707800000, 0x0000000707800000|100%| O|  |TAMS 0x0000000707600000| PB 0x0000000707600000| Untracked 
|  44|0x0000000707800000, 0x0000000707a00000, 0x0000000707a00000|100%| O|  |TAMS 0x0000000707800000| PB 0x0000000707800000| Untracked 
|  45|0x0000000707a00000, 0x0000000707c00000, 0x0000000707c00000|100%| O|  |TAMS 0x0000000707a00000| PB 0x0000000707a00000| Untracked 
|  46|0x0000000707c00000, 0x0000000707e00000, 0x0000000707e00000|100%| O|  |TAMS 0x0000000707c00000| PB 0x0000000707c00000| Untracked 
|  47|0x0000000707e00000, 0x0000000708000000, 0x0000000708000000|100%| O|  |TAMS 0x0000000707e00000| PB 0x0000000707e00000| Untracked 
|  48|0x0000000708000000, 0x0000000708200000, 0x0000000708200000|100%| O|  |TAMS 0x0000000708000000| PB 0x0000000708000000| Untracked 
|  49|0x0000000708200000, 0x0000000708400000, 0x0000000708400000|100%| O|  |TAMS 0x0000000708200000| PB 0x0000000708200000| Untracked 
|  50|0x0000000708400000, 0x0000000708600000, 0x0000000708600000|100%| O|  |TAMS 0x0000000708400000| PB 0x0000000708400000| Untracked 
|  51|0x0000000708600000, 0x0000000708800000, 0x0000000708800000|100%| O|  |TAMS 0x0000000708600000| PB 0x0000000708600000| Untracked 
|  52|0x0000000708800000, 0x0000000708a00000, 0x0000000708a00000|100%| O|  |TAMS 0x0000000708800000| PB 0x0000000708800000| Untracked 
|  53|0x0000000708a00000, 0x0000000708c00000, 0x0000000708c00000|100%| O|  |TAMS 0x0000000708a00000| PB 0x0000000708a00000| Untracked 
|  54|0x0000000708c00000, 0x0000000708e00000, 0x0000000708e00000|100%| O|  |TAMS 0x0000000708c00000| PB 0x0000000708c00000| Untracked 
|  55|0x0000000708e00000, 0x0000000709000000, 0x0000000709000000|100%| O|  |TAMS 0x0000000708e00000| PB 0x0000000708e00000| Untracked 
|  56|0x0000000709000000, 0x0000000709200000, 0x0000000709200000|100%| O|  |TAMS 0x0000000709000000| PB 0x0000000709000000| Untracked 
|  57|0x0000000709200000, 0x0000000709400000, 0x0000000709400000|100%| O|  |TAMS 0x0000000709200000| PB 0x0000000709200000| Untracked 
|  58|0x0000000709400000, 0x0000000709600000, 0x0000000709600000|100%| O|  |TAMS 0x0000000709400000| PB 0x0000000709400000| Untracked 
|  59|0x0000000709600000, 0x0000000709800000, 0x0000000709800000|100%| O|  |TAMS 0x0000000709600000| PB 0x0000000709600000| Untracked 
|  60|0x0000000709800000, 0x0000000709a00000, 0x0000000709a00000|100%| O|  |TAMS 0x0000000709800000| PB 0x0000000709800000| Untracked 
|  61|0x0000000709a00000, 0x0000000709c00000, 0x0000000709c00000|100%| O|  |TAMS 0x0000000709a00000| PB 0x0000000709a00000| Untracked 
|  62|0x0000000709c00000, 0x0000000709e00000, 0x0000000709e00000|100%| O|  |TAMS 0x0000000709c00000| PB 0x0000000709c00000| Untracked 
|  63|0x0000000709e00000, 0x000000070a000000, 0x000000070a000000|100%| O|  |TAMS 0x0000000709e00000| PB 0x0000000709e00000| Untracked 
|  64|0x000000070a000000, 0x000000070a200000, 0x000000070a200000|100%| O|  |TAMS 0x000000070a000000| PB 0x000000070a000000| Untracked 
|  65|0x000000070a200000, 0x000000070a400000, 0x000000070a400000|100%| O|  |TAMS 0x000000070a200000| PB 0x000000070a200000| Untracked 
|  66|0x000000070a400000, 0x000000070a600000, 0x000000070a600000|100%| O|Cm|TAMS 0x000000070a400000| PB 0x000000070a400000| Complete 
|  67|0x000000070a600000, 0x000000070a800000, 0x000000070a800000|100%| O|  |TAMS 0x000000070a600000| PB 0x000000070a600000| Untracked 
|  68|0x000000070a800000, 0x000000070aa00000, 0x000000070aa00000|100%| O|  |TAMS 0x000000070a800000| PB 0x000000070a800000| Untracked 
|  69|0x000000070aa00000, 0x000000070ac00000, 0x000000070ac00000|100%| O|  |TAMS 0x000000070aa00000| PB 0x000000070aa00000| Untracked 
|  70|0x000000070ac00000, 0x000000070ae00000, 0x000000070ae00000|100%| O|  |TAMS 0x000000070ac00000| PB 0x000000070ac00000| Untracked 
|  71|0x000000070ae00000, 0x000000070b000000, 0x000000070b000000|100%| O|  |TAMS 0x000000070ae00000| PB 0x000000070ae00000| Untracked 
|  72|0x000000070b000000, 0x000000070b200000, 0x000000070b200000|100%| O|  |TAMS 0x000000070b000000| PB 0x000000070b000000| Untracked 
|  73|0x000000070b200000, 0x000000070b400000, 0x000000070b400000|100%| O|  |TAMS 0x000000070b200000| PB 0x000000070b200000| Untracked 
|  74|0x000000070b400000, 0x000000070b600000, 0x000000070b600000|100%| O|  |TAMS 0x000000070b400000| PB 0x000000070b400000| Untracked 
|  75|0x000000070b600000, 0x000000070b800000, 0x000000070b800000|100%| O|  |TAMS 0x000000070b600000| PB 0x000000070b600000| Untracked 
|  76|0x000000070b800000, 0x000000070ba00000, 0x000000070ba00000|100%| O|  |TAMS 0x000000070b800000| PB 0x000000070b800000| Untracked 
|  77|0x000000070ba00000, 0x000000070bc00000, 0x000000070bc00000|100%| O|  |TAMS 0x000000070ba00000| PB 0x000000070ba00000| Untracked 
|  78|0x000000070bc00000, 0x000000070be00000, 0x000000070be00000|100%| O|  |TAMS 0x000000070bc00000| PB 0x000000070bc00000| Untracked 
|  79|0x000000070be00000, 0x000000070c000000, 0x000000070c000000|100%| O|  |TAMS 0x000000070be00000| PB 0x000000070be00000| Untracked 
|  80|0x000000070c000000, 0x000000070c200000, 0x000000070c200000|100%| O|  |TAMS 0x000000070c000000| PB 0x000000070c000000| Untracked 
|  81|0x000000070c200000, 0x000000070c400000, 0x000000070c400000|100%| O|  |TAMS 0x000000070c200000| PB 0x000000070c200000| Untracked 
|  82|0x000000070c400000, 0x000000070c600000, 0x000000070c600000|100%| O|  |TAMS 0x000000070c400000| PB 0x000000070c400000| Untracked 
|  83|0x000000070c600000, 0x000000070c800000, 0x000000070c800000|100%| O|  |TAMS 0x000000070c600000| PB 0x000000070c600000| Untracked 
|  84|0x000000070c800000, 0x000000070ca00000, 0x000000070ca00000|100%| O|  |TAMS 0x000000070c800000| PB 0x000000070c800000| Untracked 
|  85|0x000000070ca00000, 0x000000070cc00000, 0x000000070cc00000|100%| O|  |TAMS 0x000000070ca00000| PB 0x000000070ca00000| Untracked 
|  86|0x000000070cc00000, 0x000000070ce00000, 0x000000070ce00000|100%| O|  |TAMS 0x000000070cc00000| PB 0x000000070cc00000| Untracked 
|  87|0x000000070ce00000, 0x000000070d000000, 0x000000070d000000|100%| O|  |TAMS 0x000000070ce00000| PB 0x000000070ce00000| Untracked 
|  88|0x000000070d000000, 0x000000070d200000, 0x000000070d200000|100%| O|  |TAMS 0x000000070d000000| PB 0x000000070d000000| Untracked 
|  89|0x000000070d200000, 0x000000070d400000, 0x000000070d400000|100%| O|  |TAMS 0x000000070d200000| PB 0x000000070d200000| Untracked 
|  90|0x000000070d400000, 0x000000070d600000, 0x000000070d600000|100%| O|  |TAMS 0x000000070d400000| PB 0x000000070d400000| Untracked 
|  91|0x000000070d600000, 0x000000070d800000, 0x000000070d800000|100%| O|  |TAMS 0x000000070d600000| PB 0x000000070d600000| Untracked 
|  92|0x000000070d800000, 0x000000070da00000, 0x000000070da00000|100%| O|  |TAMS 0x000000070d800000| PB 0x000000070d800000| Untracked 
|  93|0x000000070da00000, 0x000000070dc00000, 0x000000070dc00000|100%| O|  |TAMS 0x000000070da00000| PB 0x000000070da00000| Untracked 
|  94|0x000000070dc00000, 0x000000070de00000, 0x000000070de00000|100%| O|  |TAMS 0x000000070dc00000| PB 0x000000070dc00000| Untracked 
|  95|0x000000070de00000, 0x000000070e000000, 0x000000070e000000|100%| O|  |TAMS 0x000000070de00000| PB 0x000000070de00000| Untracked 
|  96|0x000000070e000000, 0x000000070e200000, 0x000000070e200000|100%| O|  |TAMS 0x000000070e000000| PB 0x000000070e000000| Untracked 
|  97|0x000000070e200000, 0x000000070e400000, 0x000000070e400000|100%| O|  |TAMS 0x000000070e200000| PB 0x000000070e200000| Untracked 
|  98|0x000000070e400000, 0x000000070e600000, 0x000000070e600000|100%| O|  |TAMS 0x000000070e400000| PB 0x000000070e400000| Untracked 
|  99|0x000000070e600000, 0x000000070e800000, 0x000000070e800000|100%| O|  |TAMS 0x000000070e600000| PB 0x000000070e600000| Untracked 
| 100|0x000000070e800000, 0x000000070ea00000, 0x000000070ea00000|100%| O|  |TAMS 0x000000070e800000| PB 0x000000070e800000| Untracked 
| 101|0x000000070ea00000, 0x000000070ec00000, 0x000000070ec00000|100%| O|  |TAMS 0x000000070ea00000| PB 0x000000070ea00000| Untracked 
| 102|0x000000070ec00000, 0x000000070ee00000, 0x000000070ee00000|100%| O|  |TAMS 0x000000070ec00000| PB 0x000000070ec00000| Untracked 
| 103|0x000000070ee00000, 0x000000070f000000, 0x000000070f000000|100%| O|  |TAMS 0x000000070ee00000| PB 0x000000070ee00000| Untracked 
| 104|0x000000070f000000, 0x000000070f200000, 0x000000070f200000|100%| O|  |TAMS 0x000000070f000000| PB 0x000000070f000000| Untracked 
| 105|0x000000070f200000, 0x000000070f400000, 0x000000070f400000|100%| O|  |TAMS 0x000000070f200000| PB 0x000000070f200000| Untracked 
| 106|0x000000070f400000, 0x000000070f600000, 0x000000070f600000|100%| O|  |TAMS 0x000000070f400000| PB 0x000000070f400000| Untracked 
| 107|0x000000070f600000, 0x000000070f800000, 0x000000070f800000|100%| O|  |TAMS 0x000000070f600000| PB 0x000000070f600000| Untracked 
| 108|0x000000070f800000, 0x000000070fa00000, 0x000000070fa00000|100%| O|  |TAMS 0x000000070f800000| PB 0x000000070f800000| Untracked 
| 109|0x000000070fa00000, 0x000000070fc00000, 0x000000070fc00000|100%| O|  |TAMS 0x000000070fa00000| PB 0x000000070fa00000| Untracked 
| 110|0x000000070fc00000, 0x000000070fe00000, 0x000000070fe00000|100%| O|  |TAMS 0x000000070fc00000| PB 0x000000070fc00000| Untracked 
| 111|0x000000070fe00000, 0x0000000710000000, 0x0000000710000000|100%| O|  |TAMS 0x000000070fe00000| PB 0x000000070fe00000| Untracked 
| 112|0x0000000710000000, 0x0000000710200000, 0x0000000710200000|100%| O|  |TAMS 0x0000000710000000| PB 0x0000000710000000| Untracked 
| 113|0x0000000710200000, 0x0000000710400000, 0x0000000710400000|100%| O|  |TAMS 0x0000000710200000| PB 0x0000000710200000| Untracked 
| 114|0x0000000710400000, 0x0000000710600000, 0x0000000710600000|100%| O|  |TAMS 0x0000000710400000| PB 0x0000000710400000| Untracked 
| 115|0x0000000710600000, 0x0000000710800000, 0x0000000710800000|100%| O|  |TAMS 0x0000000710600000| PB 0x0000000710600000| Untracked 
| 116|0x0000000710800000, 0x0000000710a00000, 0x0000000710a00000|100%| O|  |TAMS 0x0000000710800000| PB 0x0000000710800000| Untracked 
| 117|0x0000000710a00000, 0x0000000710c00000, 0x0000000710c00000|100%| O|Cm|TAMS 0x0000000710a00000| PB 0x0000000710a00000| Complete 
| 118|0x0000000710c00000, 0x0000000710e00000, 0x0000000710e00000|100%| O|  |TAMS 0x0000000710c00000| PB 0x0000000710c00000| Untracked 
| 119|0x0000000710e00000, 0x0000000711000000, 0x0000000711000000|100%| O|  |TAMS 0x0000000710e00000| PB 0x0000000710e00000| Untracked 
| 120|0x0000000711000000, 0x0000000711200000, 0x0000000711200000|100%| O|  |TAMS 0x0000000711000000| PB 0x0000000711000000| Untracked 
| 121|0x0000000711200000, 0x0000000711400000, 0x0000000711400000|100%| O|  |TAMS 0x0000000711200000| PB 0x0000000711200000| Untracked 
| 122|0x0000000711400000, 0x0000000711600000, 0x0000000711600000|100%| O|  |TAMS 0x0000000711400000| PB 0x0000000711400000| Untracked 
| 123|0x0000000711600000, 0x0000000711800000, 0x0000000711800000|100%| O|  |TAMS 0x0000000711600000| PB 0x0000000711600000| Untracked 
| 124|0x0000000711800000, 0x0000000711a00000, 0x0000000711a00000|100%| O|  |TAMS 0x0000000711800000| PB 0x0000000711800000| Untracked 
| 125|0x0000000711a00000, 0x0000000711c00000, 0x0000000711c00000|100%| O|  |TAMS 0x0000000711a00000| PB 0x0000000711a00000| Untracked 
| 126|0x0000000711c00000, 0x0000000711e00000, 0x0000000711e00000|100%| O|  |TAMS 0x0000000711c00000| PB 0x0000000711c00000| Untracked 
| 127|0x0000000711e00000, 0x0000000712000000, 0x0000000712000000|100%| O|  |TAMS 0x0000000711e00000| PB 0x0000000711e00000| Untracked 
| 128|0x0000000712000000, 0x0000000712200000, 0x0000000712200000|100%| O|  |TAMS 0x0000000712000000| PB 0x0000000712000000| Untracked 
| 129|0x0000000712200000, 0x0000000712400000, 0x0000000712400000|100%| O|  |TAMS 0x0000000712200000| PB 0x0000000712200000| Untracked 
| 130|0x0000000712400000, 0x0000000712600000, 0x0000000712600000|100%| O|  |TAMS 0x0000000712400000| PB 0x0000000712400000| Untracked 
| 131|0x0000000712600000, 0x0000000712800000, 0x0000000712800000|100%| O|  |TAMS 0x0000000712600000| PB 0x0000000712600000| Untracked 
| 132|0x0000000712800000, 0x0000000712a00000, 0x0000000712a00000|100%| O|  |TAMS 0x0000000712800000| PB 0x0000000712800000| Untracked 
| 133|0x0000000712a00000, 0x0000000712c00000, 0x0000000712c00000|100%| O|  |TAMS 0x0000000712a00000| PB 0x0000000712a00000| Untracked 
| 134|0x0000000712c00000, 0x0000000712e00000, 0x0000000712e00000|100%| O|  |TAMS 0x0000000712c00000| PB 0x0000000712c00000| Untracked 
| 135|0x0000000712e00000, 0x0000000713000000, 0x0000000713000000|100%| O|Cm|TAMS 0x0000000712e00000| PB 0x0000000712e00000| Complete 
| 136|0x0000000713000000, 0x0000000713200000, 0x0000000713200000|100%| O|  |TAMS 0x0000000713000000| PB 0x0000000713000000| Untracked 
| 137|0x0000000713200000, 0x0000000713400000, 0x0000000713400000|100%| O|Cm|TAMS 0x0000000713200000| PB 0x0000000713200000| Complete 
| 138|0x0000000713400000, 0x0000000713600000, 0x0000000713600000|100%| O|Cm|TAMS 0x0000000713400000| PB 0x0000000713400000| Complete 
| 139|0x0000000713600000, 0x0000000713800000, 0x0000000713800000|100%| O|Cm|TAMS 0x0000000713600000| PB 0x0000000713600000| Complete 
| 140|0x0000000713800000, 0x0000000713a00000, 0x0000000713a00000|100%| O|Cm|TAMS 0x0000000713800000| PB 0x0000000713800000| Complete 
| 141|0x0000000713a00000, 0x0000000713c00000, 0x0000000713c00000|100%| O|  |TAMS 0x0000000713a00000| PB 0x0000000713a00000| Untracked 
| 142|0x0000000713c00000, 0x0000000713e00000, 0x0000000713e00000|100%| O|  |TAMS 0x0000000713c00000| PB 0x0000000713c00000| Untracked 
| 143|0x0000000713e00000, 0x0000000714000000, 0x0000000714000000|100%| O|  |TAMS 0x0000000713e00000| PB 0x0000000713e00000| Untracked 
| 144|0x0000000714000000, 0x0000000714200000, 0x0000000714200000|100%| O|  |TAMS 0x0000000714000000| PB 0x0000000714000000| Untracked 
| 145|0x0000000714200000, 0x0000000714400000, 0x0000000714400000|100%| O|  |TAMS 0x0000000714200000| PB 0x0000000714200000| Untracked 
| 146|0x0000000714400000, 0x0000000714600000, 0x0000000714600000|100%| O|  |TAMS 0x0000000714400000| PB 0x0000000714400000| Untracked 
| 147|0x0000000714600000, 0x0000000714800000, 0x0000000714800000|100%| O|  |TAMS 0x0000000714600000| PB 0x0000000714600000| Untracked 
| 148|0x0000000714800000, 0x0000000714a00000, 0x0000000714a00000|100%| O|  |TAMS 0x0000000714800000| PB 0x0000000714800000| Untracked 
| 149|0x0000000714a00000, 0x0000000714c00000, 0x0000000714c00000|100%| O|  |TAMS 0x0000000714a00000| PB 0x0000000714a00000| Untracked 
| 150|0x0000000714c00000, 0x0000000714e00000, 0x0000000714e00000|100%| O|  |TAMS 0x0000000714c00000| PB 0x0000000714c00000| Untracked 
| 151|0x0000000714e00000, 0x0000000715000000, 0x0000000715000000|100%| O|Cm|TAMS 0x0000000714e00000| PB 0x0000000714e00000| Complete 
| 152|0x0000000715000000, 0x0000000715200000, 0x0000000715200000|100%| O|  |TAMS 0x0000000715000000| PB 0x0000000715000000| Untracked 
| 153|0x0000000715200000, 0x0000000715400000, 0x0000000715400000|100%| O|  |TAMS 0x0000000715200000| PB 0x0000000715200000| Untracked 
| 154|0x0000000715400000, 0x0000000715600000, 0x0000000715600000|100%| O|  |TAMS 0x0000000715400000| PB 0x0000000715400000| Untracked 
| 155|0x0000000715600000, 0x0000000715800000, 0x0000000715800000|100%| O|  |TAMS 0x0000000715600000| PB 0x0000000715600000| Untracked 
| 156|0x0000000715800000, 0x0000000715a00000, 0x0000000715a00000|100%| O|  |TAMS 0x0000000715800000| PB 0x0000000715800000| Untracked 
| 157|0x0000000715a00000, 0x0000000715a41740, 0x0000000715c00000| 12%| O|  |TAMS 0x0000000715a00000| PB 0x0000000715a00000| Untracked 
| 158|0x0000000715c00000, 0x0000000715e00000, 0x0000000715e00000|100%| O|  |TAMS 0x0000000715c00000| PB 0x0000000715c00000| Untracked 
| 159|0x0000000715e00000, 0x0000000716000000, 0x0000000716000000|100%| O|  |TAMS 0x0000000715e00000| PB 0x0000000715e00000| Untracked 
| 160|0x0000000716000000, 0x0000000716200000, 0x0000000716200000|100%| O|Cm|TAMS 0x0000000716000000| PB 0x0000000716000000| Complete 
| 161|0x0000000716200000, 0x0000000716400000, 0x0000000716400000|100%| O|Cm|TAMS 0x0000000716200000| PB 0x0000000716200000| Complete 
| 162|0x0000000716400000, 0x0000000716600000, 0x0000000716600000|100%| O|Cm|TAMS 0x0000000716400000| PB 0x0000000716400000| Complete 
| 163|0x0000000716600000, 0x0000000716600000, 0x0000000716800000|  0%| F|  |TAMS 0x0000000716600000| PB 0x0000000716600000| Untracked 
| 164|0x0000000716800000, 0x0000000716800000, 0x0000000716a00000|  0%| F|  |TAMS 0x0000000716800000| PB 0x0000000716800000| Untracked 
| 165|0x0000000716a00000, 0x0000000716a00000, 0x0000000716c00000|  0%| F|  |TAMS 0x0000000716a00000| PB 0x0000000716a00000| Untracked 
| 166|0x0000000716c00000, 0x0000000716c00000, 0x0000000716e00000|  0%| F|  |TAMS 0x0000000716c00000| PB 0x0000000716c00000| Untracked 
| 167|0x0000000716e00000, 0x0000000716e00000, 0x0000000717000000|  0%| F|  |TAMS 0x0000000716e00000| PB 0x0000000716e00000| Untracked 
| 168|0x0000000717000000, 0x0000000717000000, 0x0000000717200000|  0%| F|  |TAMS 0x0000000717000000| PB 0x0000000717000000| Untracked 
| 169|0x0000000717200000, 0x0000000717200000, 0x0000000717400000|  0%| F|  |TAMS 0x0000000717200000| PB 0x0000000717200000| Untracked 
| 170|0x0000000717400000, 0x0000000717400000, 0x0000000717600000|  0%| F|  |TAMS 0x0000000717400000| PB 0x0000000717400000| Untracked 
| 171|0x0000000717600000, 0x0000000717600000, 0x0000000717800000|  0%| F|  |TAMS 0x0000000717600000| PB 0x0000000717600000| Untracked 
| 172|0x0000000717800000, 0x0000000717800000, 0x0000000717a00000|  0%| F|  |TAMS 0x0000000717800000| PB 0x0000000717800000| Untracked 
| 173|0x0000000717a00000, 0x0000000717a00000, 0x0000000717c00000|  0%| F|  |TAMS 0x0000000717a00000| PB 0x0000000717a00000| Untracked 
| 174|0x0000000717c00000, 0x0000000717c00000, 0x0000000717e00000|  0%| F|  |TAMS 0x0000000717c00000| PB 0x0000000717c00000| Untracked 
| 175|0x0000000717e00000, 0x0000000717e00000, 0x0000000718000000|  0%| F|  |TAMS 0x0000000717e00000| PB 0x0000000717e00000| Untracked 
| 176|0x0000000718000000, 0x0000000718000000, 0x0000000718200000|  0%| F|  |TAMS 0x0000000718000000| PB 0x0000000718000000| Untracked 
| 177|0x0000000718200000, 0x0000000718200000, 0x0000000718400000|  0%| F|  |TAMS 0x0000000718200000| PB 0x0000000718200000| Untracked 
| 178|0x0000000718400000, 0x0000000718400000, 0x0000000718600000|  0%| F|  |TAMS 0x0000000718400000| PB 0x0000000718400000| Untracked 
| 179|0x0000000718600000, 0x0000000718600000, 0x0000000718800000|  0%| F|  |TAMS 0x0000000718600000| PB 0x0000000718600000| Untracked 
| 180|0x0000000718800000, 0x0000000718800000, 0x0000000718a00000|  0%| F|  |TAMS 0x0000000718800000| PB 0x0000000718800000| Untracked 
| 181|0x0000000718a00000, 0x0000000718a00000, 0x0000000718c00000|  0%| F|  |TAMS 0x0000000718a00000| PB 0x0000000718a00000| Untracked 
| 182|0x0000000718c00000, 0x0000000718c00000, 0x0000000718e00000|  0%| F|  |TAMS 0x0000000718c00000| PB 0x0000000718c00000| Untracked 
| 183|0x0000000718e00000, 0x0000000718e00000, 0x0000000719000000|  0%| F|  |TAMS 0x0000000718e00000| PB 0x0000000718e00000| Untracked 
| 184|0x0000000719000000, 0x0000000719000000, 0x0000000719200000|  0%| F|  |TAMS 0x0000000719000000| PB 0x0000000719000000| Untracked 
| 185|0x0000000719200000, 0x0000000719200000, 0x0000000719400000|  0%| F|  |TAMS 0x0000000719200000| PB 0x0000000719200000| Untracked 
| 186|0x0000000719400000, 0x0000000719400000, 0x0000000719600000|  0%| F|  |TAMS 0x0000000719400000| PB 0x0000000719400000| Untracked 
| 187|0x0000000719600000, 0x0000000719600000, 0x0000000719800000|  0%| F|  |TAMS 0x0000000719600000| PB 0x0000000719600000| Untracked 
| 188|0x0000000719800000, 0x0000000719800000, 0x0000000719a00000|  0%| F|  |TAMS 0x0000000719800000| PB 0x0000000719800000| Untracked 
| 189|0x0000000719a00000, 0x0000000719a00000, 0x0000000719c00000|  0%| F|  |TAMS 0x0000000719a00000| PB 0x0000000719a00000| Untracked 
| 190|0x0000000719c00000, 0x0000000719c00000, 0x0000000719e00000|  0%| F|  |TAMS 0x0000000719c00000| PB 0x0000000719c00000| Untracked 
| 191|0x0000000719e00000, 0x0000000719e00000, 0x000000071a000000|  0%| F|  |TAMS 0x0000000719e00000| PB 0x0000000719e00000| Untracked 
| 192|0x000000071a000000, 0x000000071a000000, 0x000000071a200000|  0%| F|  |TAMS 0x000000071a000000| PB 0x000000071a000000| Untracked 
| 193|0x000000071a200000, 0x000000071a200000, 0x000000071a400000|  0%| F|  |TAMS 0x000000071a200000| PB 0x000000071a200000| Untracked 
| 194|0x000000071a400000, 0x000000071a400000, 0x000000071a600000|  0%| F|  |TAMS 0x000000071a400000| PB 0x000000071a400000| Untracked 
| 195|0x000000071a600000, 0x000000071a600000, 0x000000071a800000|  0%| F|  |TAMS 0x000000071a600000| PB 0x000000071a600000| Untracked 
| 196|0x000000071a800000, 0x000000071a800000, 0x000000071aa00000|  0%| F|  |TAMS 0x000000071a800000| PB 0x000000071a800000| Untracked 
| 197|0x000000071aa00000, 0x000000071aa00000, 0x000000071ac00000|  0%| F|  |TAMS 0x000000071aa00000| PB 0x000000071aa00000| Untracked 
| 198|0x000000071ac00000, 0x000000071ac00000, 0x000000071ae00000|  0%| F|  |TAMS 0x000000071ac00000| PB 0x000000071ac00000| Untracked 
| 199|0x000000071ae00000, 0x000000071ae00000, 0x000000071b000000|  0%| F|  |TAMS 0x000000071ae00000| PB 0x000000071ae00000| Untracked 
| 200|0x000000071b000000, 0x000000071b000000, 0x000000071b200000|  0%| F|  |TAMS 0x000000071b000000| PB 0x000000071b000000| Untracked 
| 201|0x000000071b200000, 0x000000071b200000, 0x000000071b400000|  0%| F|  |TAMS 0x000000071b200000| PB 0x000000071b200000| Untracked 
| 202|0x000000071b400000, 0x000000071b400000, 0x000000071b600000|  0%| F|  |TAMS 0x000000071b400000| PB 0x000000071b400000| Untracked 
| 203|0x000000071b600000, 0x000000071b600000, 0x000000071b800000|  0%| F|  |TAMS 0x000000071b600000| PB 0x000000071b600000| Untracked 
| 204|0x000000071b800000, 0x000000071b800000, 0x000000071ba00000|  0%| F|  |TAMS 0x000000071b800000| PB 0x000000071b800000| Untracked 
| 205|0x000000071ba00000, 0x000000071ba00000, 0x000000071bc00000|  0%| F|  |TAMS 0x000000071ba00000| PB 0x000000071ba00000| Untracked 
| 206|0x000000071bc00000, 0x000000071bc00000, 0x000000071be00000|  0%| F|  |TAMS 0x000000071bc00000| PB 0x000000071bc00000| Untracked 
| 207|0x000000071be00000, 0x000000071be00000, 0x000000071c000000|  0%| F|  |TAMS 0x000000071be00000| PB 0x000000071be00000| Untracked 
| 208|0x000000071c000000, 0x000000071c000000, 0x000000071c200000|  0%| F|  |TAMS 0x000000071c000000| PB 0x000000071c000000| Untracked 
| 209|0x000000071c200000, 0x000000071c200000, 0x000000071c400000|  0%| F|  |TAMS 0x000000071c200000| PB 0x000000071c200000| Untracked 
| 210|0x000000071c400000, 0x000000071c400000, 0x000000071c600000|  0%| F|  |TAMS 0x000000071c400000| PB 0x000000071c400000| Untracked 
| 211|0x000000071c600000, 0x000000071c600000, 0x000000071c800000|  0%| F|  |TAMS 0x000000071c600000| PB 0x000000071c600000| Untracked 
| 212|0x000000071c800000, 0x000000071c800000, 0x000000071ca00000|  0%| F|  |TAMS 0x000000071c800000| PB 0x000000071c800000| Untracked 
| 213|0x000000071ca00000, 0x000000071ca00000, 0x000000071cc00000|  0%| F|  |TAMS 0x000000071ca00000| PB 0x000000071ca00000| Untracked 
| 214|0x000000071cc00000, 0x000000071cc00000, 0x000000071ce00000|  0%| F|  |TAMS 0x000000071cc00000| PB 0x000000071cc00000| Untracked 
| 215|0x000000071ce00000, 0x000000071ce00000, 0x000000071d000000|  0%| F|  |TAMS 0x000000071ce00000| PB 0x000000071ce00000| Untracked 
| 216|0x000000071d000000, 0x000000071d000000, 0x000000071d200000|  0%| F|  |TAMS 0x000000071d000000| PB 0x000000071d000000| Untracked 
| 217|0x000000071d200000, 0x000000071d200000, 0x000000071d400000|  0%| F|  |TAMS 0x000000071d200000| PB 0x000000071d200000| Untracked 
| 218|0x000000071d400000, 0x000000071d400000, 0x000000071d600000|  0%| F|  |TAMS 0x000000071d400000| PB 0x000000071d400000| Untracked 
| 219|0x000000071d600000, 0x000000071d600000, 0x000000071d800000|  0%| F|  |TAMS 0x000000071d600000| PB 0x000000071d600000| Untracked 
| 220|0x000000071d800000, 0x000000071d800000, 0x000000071da00000|  0%| F|  |TAMS 0x000000071d800000| PB 0x000000071d800000| Untracked 
| 221|0x000000071da00000, 0x000000071da00000, 0x000000071dc00000|  0%| F|  |TAMS 0x000000071da00000| PB 0x000000071da00000| Untracked 
| 222|0x000000071dc00000, 0x000000071dc00000, 0x000000071de00000|  0%| F|  |TAMS 0x000000071dc00000| PB 0x000000071dc00000| Untracked 
| 223|0x000000071de00000, 0x000000071de00000, 0x000000071e000000|  0%| F|  |TAMS 0x000000071de00000| PB 0x000000071de00000| Untracked 
| 224|0x000000071e000000, 0x000000071e000000, 0x000000071e200000|  0%| F|  |TAMS 0x000000071e000000| PB 0x000000071e000000| Untracked 
| 225|0x000000071e200000, 0x000000071e200000, 0x000000071e400000|  0%| F|  |TAMS 0x000000071e200000| PB 0x000000071e200000| Untracked 
| 226|0x000000071e400000, 0x000000071e400000, 0x000000071e600000|  0%| F|  |TAMS 0x000000071e400000| PB 0x000000071e400000| Untracked 
| 227|0x000000071e600000, 0x000000071e600000, 0x000000071e800000|  0%| F|  |TAMS 0x000000071e600000| PB 0x000000071e600000| Untracked 
| 228|0x000000071e800000, 0x000000071e800000, 0x000000071ea00000|  0%| F|  |TAMS 0x000000071e800000| PB 0x000000071e800000| Untracked 
| 229|0x000000071ea00000, 0x000000071ea00000, 0x000000071ec00000|  0%| F|  |TAMS 0x000000071ea00000| PB 0x000000071ea00000| Untracked 
| 230|0x000000071ec00000, 0x000000071ec00000, 0x000000071ee00000|  0%| F|  |TAMS 0x000000071ec00000| PB 0x000000071ec00000| Untracked 
| 231|0x000000071ee00000, 0x000000071ee00000, 0x000000071f000000|  0%| F|  |TAMS 0x000000071ee00000| PB 0x000000071ee00000| Untracked 
| 232|0x000000071f000000, 0x000000071f000000, 0x000000071f200000|  0%| F|  |TAMS 0x000000071f000000| PB 0x000000071f000000| Untracked 
| 233|0x000000071f200000, 0x000000071f200000, 0x000000071f400000|  0%| F|  |TAMS 0x000000071f200000| PB 0x000000071f200000| Untracked 
| 234|0x000000071f400000, 0x000000071f400000, 0x000000071f600000|  0%| F|  |TAMS 0x000000071f400000| PB 0x000000071f400000| Untracked 
| 235|0x000000071f600000, 0x000000071f600000, 0x000000071f800000|  0%| F|  |TAMS 0x000000071f600000| PB 0x000000071f600000| Untracked 
| 236|0x000000071f800000, 0x000000071f800000, 0x000000071fa00000|  0%| F|  |TAMS 0x000000071f800000| PB 0x000000071f800000| Untracked 
| 237|0x000000071fa00000, 0x000000071faeedd0, 0x000000071fc00000| 46%| S|CS|TAMS 0x000000071fa00000| PB 0x000000071fa00000| Complete 
| 238|0x000000071fc00000, 0x000000071fe00000, 0x000000071fe00000|100%| S|CS|TAMS 0x000000071fc00000| PB 0x000000071fc00000| Complete 
| 239|0x000000071fe00000, 0x0000000720000000, 0x0000000720000000|100%| S|CS|TAMS 0x000000071fe00000| PB 0x000000071fe00000| Complete 
| 240|0x0000000720000000, 0x0000000720200000, 0x0000000720200000|100%| S|CS|TAMS 0x0000000720000000| PB 0x0000000720000000| Complete 
| 241|0x0000000720200000, 0x0000000720400000, 0x0000000720400000|100%| S|CS|TAMS 0x0000000720200000| PB 0x0000000720200000| Complete 
| 242|0x0000000720400000, 0x0000000720600000, 0x0000000720600000|100%| S|CS|TAMS 0x0000000720400000| PB 0x0000000720400000| Complete 
| 243|0x0000000720600000, 0x0000000720800000, 0x0000000720800000|100%| S|CS|TAMS 0x0000000720600000| PB 0x0000000720600000| Complete 
| 244|0x0000000720800000, 0x0000000720800000, 0x0000000720a00000|  0%| F|  |TAMS 0x0000000720800000| PB 0x0000000720800000| Untracked 
| 245|0x0000000720a00000, 0x0000000720a00000, 0x0000000720c00000|  0%| F|  |TAMS 0x0000000720a00000| PB 0x0000000720a00000| Untracked 
| 246|0x0000000720c00000, 0x0000000720c00000, 0x0000000720e00000|  0%| F|  |TAMS 0x0000000720c00000| PB 0x0000000720c00000| Untracked 
| 247|0x0000000720e00000, 0x0000000720e00000, 0x0000000721000000|  0%| F|  |TAMS 0x0000000720e00000| PB 0x0000000720e00000| Untracked 
| 248|0x0000000721000000, 0x0000000721000000, 0x0000000721200000|  0%| F|  |TAMS 0x0000000721000000| PB 0x0000000721000000| Untracked 
| 249|0x0000000721200000, 0x0000000721200000, 0x0000000721400000|  0%| F|  |TAMS 0x0000000721200000| PB 0x0000000721200000| Untracked 
| 250|0x0000000721400000, 0x0000000721400000, 0x0000000721600000|  0%| F|  |TAMS 0x0000000721400000| PB 0x0000000721400000| Untracked 
| 251|0x0000000721600000, 0x0000000721600000, 0x0000000721800000|  0%| F|  |TAMS 0x0000000721600000| PB 0x0000000721600000| Untracked 
| 252|0x0000000721800000, 0x0000000721800000, 0x0000000721a00000|  0%| F|  |TAMS 0x0000000721800000| PB 0x0000000721800000| Untracked 
| 253|0x0000000721a00000, 0x0000000721a00000, 0x0000000721c00000|  0%| F|  |TAMS 0x0000000721a00000| PB 0x0000000721a00000| Untracked 
| 254|0x0000000721c00000, 0x0000000721c00000, 0x0000000721e00000|  0%| F|  |TAMS 0x0000000721c00000| PB 0x0000000721c00000| Untracked 
| 255|0x0000000721e00000, 0x0000000721e00000, 0x0000000722000000|  0%| F|  |TAMS 0x0000000721e00000| PB 0x0000000721e00000| Untracked 
| 256|0x0000000722000000, 0x0000000722000000, 0x0000000722200000|  0%| F|  |TAMS 0x0000000722000000| PB 0x0000000722000000| Untracked 
| 257|0x0000000722200000, 0x0000000722200000, 0x0000000722400000|  0%| F|  |TAMS 0x0000000722200000| PB 0x0000000722200000| Untracked 
| 258|0x0000000722400000, 0x0000000722400000, 0x0000000722600000|  0%| F|  |TAMS 0x0000000722400000| PB 0x0000000722400000| Untracked 
| 259|0x0000000722600000, 0x0000000722600000, 0x0000000722800000|  0%| F|  |TAMS 0x0000000722600000| PB 0x0000000722600000| Untracked 
| 260|0x0000000722800000, 0x0000000722800000, 0x0000000722a00000|  0%| F|  |TAMS 0x0000000722800000| PB 0x0000000722800000| Untracked 
| 261|0x0000000722a00000, 0x0000000722a00000, 0x0000000722c00000|  0%| F|  |TAMS 0x0000000722a00000| PB 0x0000000722a00000| Untracked 
| 262|0x0000000722c00000, 0x0000000722c00000, 0x0000000722e00000|  0%| F|  |TAMS 0x0000000722c00000| PB 0x0000000722c00000| Untracked 
| 263|0x0000000722e00000, 0x0000000722e00000, 0x0000000723000000|  0%| F|  |TAMS 0x0000000722e00000| PB 0x0000000722e00000| Untracked 
| 264|0x0000000723000000, 0x0000000723000000, 0x0000000723200000|  0%| F|  |TAMS 0x0000000723000000| PB 0x0000000723000000| Untracked 
| 265|0x0000000723200000, 0x0000000723200000, 0x0000000723400000|  0%| F|  |TAMS 0x0000000723200000| PB 0x0000000723200000| Untracked 
| 266|0x0000000723400000, 0x0000000723400000, 0x0000000723600000|  0%| F|  |TAMS 0x0000000723400000| PB 0x0000000723400000| Untracked 
| 267|0x0000000723600000, 0x0000000723600000, 0x0000000723800000|  0%| F|  |TAMS 0x0000000723600000| PB 0x0000000723600000| Untracked 
| 268|0x0000000723800000, 0x0000000723800000, 0x0000000723a00000|  0%| F|  |TAMS 0x0000000723800000| PB 0x0000000723800000| Untracked 
| 269|0x0000000723a00000, 0x0000000723a00000, 0x0000000723c00000|  0%| F|  |TAMS 0x0000000723a00000| PB 0x0000000723a00000| Untracked 
| 270|0x0000000723c00000, 0x0000000723c00000, 0x0000000723e00000|  0%| F|  |TAMS 0x0000000723c00000| PB 0x0000000723c00000| Untracked 
| 271|0x0000000723e00000, 0x0000000723e00000, 0x0000000724000000|  0%| F|  |TAMS 0x0000000723e00000| PB 0x0000000723e00000| Untracked 
| 272|0x0000000724000000, 0x0000000724000000, 0x0000000724200000|  0%| F|  |TAMS 0x0000000724000000| PB 0x0000000724000000| Untracked 
| 273|0x0000000724200000, 0x0000000724200000, 0x0000000724400000|  0%| F|  |TAMS 0x0000000724200000| PB 0x0000000724200000| Untracked 
| 274|0x0000000724400000, 0x0000000724400000, 0x0000000724600000|  0%| F|  |TAMS 0x0000000724400000| PB 0x0000000724400000| Untracked 
| 275|0x0000000724600000, 0x0000000724600000, 0x0000000724800000|  0%| F|  |TAMS 0x0000000724600000| PB 0x0000000724600000| Untracked 
| 276|0x0000000724800000, 0x0000000724800000, 0x0000000724a00000|  0%| F|  |TAMS 0x0000000724800000| PB 0x0000000724800000| Untracked 
| 277|0x0000000724a00000, 0x0000000724a00000, 0x0000000724c00000|  0%| F|  |TAMS 0x0000000724a00000| PB 0x0000000724a00000| Untracked 
| 278|0x0000000724c00000, 0x0000000724c00000, 0x0000000724e00000|  0%| F|  |TAMS 0x0000000724c00000| PB 0x0000000724c00000| Untracked 
| 279|0x0000000724e00000, 0x0000000724e00000, 0x0000000725000000|  0%| F|  |TAMS 0x0000000724e00000| PB 0x0000000724e00000| Untracked 
| 280|0x0000000725000000, 0x0000000725000000, 0x0000000725200000|  0%| F|  |TAMS 0x0000000725000000| PB 0x0000000725000000| Untracked 
| 281|0x0000000725200000, 0x0000000725200000, 0x0000000725400000|  0%| F|  |TAMS 0x0000000725200000| PB 0x0000000725200000| Untracked 
| 282|0x0000000725400000, 0x0000000725600000, 0x0000000725600000|100%| E|CS|TAMS 0x0000000725400000| PB 0x0000000725400000| Complete 
| 283|0x0000000725600000, 0x0000000725800000, 0x0000000725800000|100%| E|CS|TAMS 0x0000000725600000| PB 0x0000000725600000| Complete 
| 284|0x0000000725800000, 0x0000000725a00000, 0x0000000725a00000|100%| E|CS|TAMS 0x0000000725800000| PB 0x0000000725800000| Complete 
| 285|0x0000000725a00000, 0x0000000725c00000, 0x0000000725c00000|100%| E|CS|TAMS 0x0000000725a00000| PB 0x0000000725a00000| Complete 
| 286|0x0000000725c00000, 0x0000000725e00000, 0x0000000725e00000|100%| E|CS|TAMS 0x0000000725c00000| PB 0x0000000725c00000| Complete 
| 287|0x0000000725e00000, 0x0000000726000000, 0x0000000726000000|100%| E|CS|TAMS 0x0000000725e00000| PB 0x0000000725e00000| Complete 
| 288|0x0000000726000000, 0x0000000726200000, 0x0000000726200000|100%| E|CS|TAMS 0x0000000726000000| PB 0x0000000726000000| Complete 
| 289|0x0000000726200000, 0x0000000726400000, 0x0000000726400000|100%| E|CS|TAMS 0x0000000726200000| PB 0x0000000726200000| Complete 
| 290|0x0000000726400000, 0x0000000726600000, 0x0000000726600000|100%| E|CS|TAMS 0x0000000726400000| PB 0x0000000726400000| Complete 
| 291|0x0000000726600000, 0x0000000726800000, 0x0000000726800000|100%| E|CS|TAMS 0x0000000726600000| PB 0x0000000726600000| Complete 
| 292|0x0000000726800000, 0x0000000726a00000, 0x0000000726a00000|100%| E|CS|TAMS 0x0000000726800000| PB 0x0000000726800000| Complete 
| 293|0x0000000726a00000, 0x0000000726c00000, 0x0000000726c00000|100%| E|CS|TAMS 0x0000000726a00000| PB 0x0000000726a00000| Complete 
| 294|0x0000000726c00000, 0x0000000726e00000, 0x0000000726e00000|100%| E|CS|TAMS 0x0000000726c00000| PB 0x0000000726c00000| Complete 
| 295|0x0000000726e00000, 0x0000000727000000, 0x0000000727000000|100%| E|CS|TAMS 0x0000000726e00000| PB 0x0000000726e00000| Complete 
| 296|0x0000000727000000, 0x0000000727000000, 0x0000000727200000|  0%| F|  |TAMS 0x0000000727000000| PB 0x0000000727000000| Untracked 
| 297|0x0000000727200000, 0x0000000727200000, 0x0000000727400000|  0%| F|  |TAMS 0x0000000727200000| PB 0x0000000727200000| Untracked 
| 298|0x0000000727400000, 0x0000000727597280, 0x0000000727600000| 79%| E|  |TAMS 0x0000000727400000| PB 0x0000000727400000| Complete 
| 299|0x0000000727600000, 0x0000000727800000, 0x0000000727800000|100%| E|CS|TAMS 0x0000000727600000| PB 0x0000000727600000| Complete 
| 300|0x0000000727800000, 0x0000000727a00000, 0x0000000727a00000|100%| E|CS|TAMS 0x0000000727800000| PB 0x0000000727800000| Complete 
| 301|0x0000000727a00000, 0x0000000727c00000, 0x0000000727c00000|100%| E|CS|TAMS 0x0000000727a00000| PB 0x0000000727a00000| Complete 
| 302|0x0000000727c00000, 0x0000000727e00000, 0x0000000727e00000|100%| E|CS|TAMS 0x0000000727c00000| PB 0x0000000727c00000| Complete 
| 303|0x0000000727e00000, 0x0000000728000000, 0x0000000728000000|100%| E|CS|TAMS 0x0000000727e00000| PB 0x0000000727e00000| Complete 
| 304|0x0000000728000000, 0x0000000728200000, 0x0000000728200000|100%| E|CS|TAMS 0x0000000728000000| PB 0x0000000728000000| Complete 
| 305|0x0000000728200000, 0x0000000728400000, 0x0000000728400000|100%| E|CS|TAMS 0x0000000728200000| PB 0x0000000728200000| Complete 
| 306|0x0000000728400000, 0x0000000728600000, 0x0000000728600000|100%| E|CS|TAMS 0x0000000728400000| PB 0x0000000728400000| Complete 
| 307|0x0000000728600000, 0x0000000728800000, 0x0000000728800000|100%| E|CS|TAMS 0x0000000728600000| PB 0x0000000728600000| Complete 
| 308|0x0000000728800000, 0x0000000728a00000, 0x0000000728a00000|100%| E|CS|TAMS 0x0000000728800000| PB 0x0000000728800000| Complete 
| 309|0x0000000728a00000, 0x0000000728c00000, 0x0000000728c00000|100%| E|CS|TAMS 0x0000000728a00000| PB 0x0000000728a00000| Complete 
| 310|0x0000000728c00000, 0x0000000728e00000, 0x0000000728e00000|100%| E|CS|TAMS 0x0000000728c00000| PB 0x0000000728c00000| Complete 
| 311|0x0000000728e00000, 0x0000000729000000, 0x0000000729000000|100%| E|CS|TAMS 0x0000000728e00000| PB 0x0000000728e00000| Complete 
| 312|0x0000000729000000, 0x0000000729200000, 0x0000000729200000|100%| E|CS|TAMS 0x0000000729000000| PB 0x0000000729000000| Complete 
| 313|0x0000000729200000, 0x0000000729400000, 0x0000000729400000|100%| E|CS|TAMS 0x0000000729200000| PB 0x0000000729200000| Complete 
| 314|0x0000000729400000, 0x0000000729600000, 0x0000000729600000|100%| E|CS|TAMS 0x0000000729400000| PB 0x0000000729400000| Complete 
| 315|0x0000000729600000, 0x0000000729800000, 0x0000000729800000|100%| E|CS|TAMS 0x0000000729600000| PB 0x0000000729600000| Complete 
|2019|0x00000007fe600000, 0x00000007fe800000, 0x00000007fe800000|100%| E|CS|TAMS 0x00000007fe600000| PB 0x00000007fe600000| Complete 
|2020|0x00000007fe800000, 0x00000007fea00000, 0x00000007fea00000|100%| E|CS|TAMS 0x00000007fe800000| PB 0x00000007fe800000| Complete 
|2021|0x00000007fea00000, 0x00000007fec00000, 0x00000007fec00000|100%| O|Cm|TAMS 0x00000007fea00000| PB 0x00000007fea00000| Complete 
|2022|0x00000007fec00000, 0x00000007fee00000, 0x00000007fee00000|100%| O|Cm|TAMS 0x00000007fec00000| PB 0x00000007fec00000| Complete 
|2023|0x00000007fee00000, 0x00000007ff000000, 0x00000007ff000000|100%| O|Cm|TAMS 0x00000007fee00000| PB 0x00000007fee00000| Complete 
|2024|0x00000007ff000000, 0x00000007ff200000, 0x00000007ff200000|100%| O|Cm|TAMS 0x00000007ff000000| PB 0x00000007ff000000| Complete 
|2025|0x00000007ff200000, 0x00000007ff400000, 0x00000007ff400000|100%| O|Cm|TAMS 0x00000007ff200000| PB 0x00000007ff200000| Complete 
|2026|0x00000007ff400000, 0x00000007ff600000, 0x00000007ff600000|100%| O|Cm|TAMS 0x00000007ff400000| PB 0x00000007ff400000| Complete 
|2027|0x00000007ff600000, 0x00000007ff800000, 0x00000007ff800000|100%| O|Cm|TAMS 0x00000007ff600000| PB 0x00000007ff600000| Complete 
|2028|0x00000007ff800000, 0x00000007ffa00000, 0x00000007ffa00000|100%| O|Cm|TAMS 0x00000007ff800000| PB 0x00000007ff800000| Complete 
|2029|0x00000007ffa00000, 0x00000007ffc00000, 0x00000007ffc00000|100%| O|Cm|TAMS 0x00000007ffa00000| PB 0x00000007ffa00000| Complete 
|2030|0x00000007ffc00000, 0x00000007ffe00000, 0x00000007ffe00000|100%| O|Cm|TAMS 0x00000007ffc00000| PB 0x00000007ffc00000| Complete 
|2031|0x00000007ffe00000, 0x0000000800000000, 0x0000000800000000|100%| E|CS|TAMS 0x00000007ffe00000| PB 0x00000007ffe00000| Complete 

Card table byte_map: [0x00000289549e0000,0x00000289551d0000] _byte_map_base: 0x00000289511d0000

Marking Bits: (CMBitMap*) 0x0000028954030780
 Bits: [0x00000289551d0000, 0x0000028959150000)

Polling page: 0x00000289466b0000

Metaspace:

Usage:
  Non-class:    133.92 MB used.
      Class:     16.63 MB used.
       Both:    150.54 MB used.

Virtual space:
  Non-class space:      192.00 MB reserved,     135.00 MB ( 70%) committed,  3 nodes.
      Class space:        1.00 GB reserved,      17.75 MB (  2%) committed,  1 nodes.
             Both:        1.19 GB reserved,     152.75 MB ( 13%) committed. 

Chunk freelists:
   Non-Class:  8.44 MB
       Class:  14.10 MB
        Both:  22.54 MB

MaxMetaspaceSize: unlimited
CompressedClassSpaceSize: 1.00 GB
Initial GC threshold: 21.00 MB
Current GC threshold: 252.50 MB
CDS: on
 - commit_granule_bytes: 65536.
 - commit_granule_words: 8192.
 - virtual_space_node_default_size: 8388608.
 - enlarge_chunks_in_place: 1.
 - use_allocation_guard: 0.


Internal statistics:

num_allocs_failed_limit: 18.
num_arena_births: 4118.
num_arena_deaths: 0.
num_vsnodes_births: 4.
num_vsnodes_deaths: 0.
num_space_committed: 2441.
num_space_uncommitted: 0.
num_chunks_returned_to_freelist: 18.
num_chunks_taken_from_freelist: 10000.
num_chunk_merges: 18.
num_chunk_splits: 7274.
num_chunks_enlarged: 5425.
num_inconsistent_stats: 0.

CodeCache: size=49152Kb used=25514Kb max_used=27050Kb free=23637Kb
 bounds [0x0000028950ee0000, 0x0000028952950000, 0x0000028953ee0000]
 total_blobs=12548 nmethods=11546 adapters=925
 compilation: enabled
              stopped_count=0, restarted_count=0
 full_count=0

Compilation events (20 events):
Event: 304.920 Thread 0x000002895bb594d0 20959       1       sun.nio.ch.SelectorImpl::begin (9 bytes)
Event: 304.920 Thread 0x000002895bb594d0 nmethod 20959 0x00000289512a4210 code [0x00000289512a43c0, 0x00000289512a44b8]
Event: 305.912 Thread 0x000002895bb594d0 20963   !   1       org.apache.tomcat.util.net.NioEndpoint$Poller::timeout (501 bytes)
Event: 305.914 Thread 0x000002895bb594d0 nmethod 20963 0x00000289512a2310 code [0x00000289512a2640, 0x00000289512a3520]
Event: 305.914 Thread 0x000002895bb594d0 20961       1       sun.nio.ch.WEPollSelectorImpl::processEvents (152 bytes)
Event: 305.914 Thread 0x000002895bb594d0 nmethod 20961 0x00000289512a1710 code [0x00000289512a1920, 0x00000289512a1ee8]
Event: 305.914 Thread 0x000002895bb594d0 20960       1       sun.nio.ch.SelectorImpl::end (9 bytes)
Event: 305.914 Thread 0x000002895bb594d0 nmethod 20960 0x00000289512a1310 code [0x00000289512a14c0, 0x00000289512a1610]
Event: 305.914 Thread 0x000002895bb594d0 20962       1       java.util.concurrent.atomic.AtomicLong::set (12 bytes)
Event: 305.914 Thread 0x000002895bb594d0 nmethod 20962 0x00000289512a1010 code [0x00000289512a11a0, 0x00000289512a1288]
Event: 305.915 Thread 0x000002895bb594d0 20964       1       sun.nio.ch.SelectorImpl::select (35 bytes)
Event: 305.915 Thread 0x000002895bb594d0 nmethod 20964 0x00000289512a0b90 code [0x00000289512a0d60, 0x00000289512a0f58]
Event: 305.915 Thread 0x000002895bb594d0 20965       1       java.nio.channels.spi.AbstractSelector::begin (48 bytes)
Event: 305.915 Thread 0x000002895bb594d0 nmethod 20965 0x00000289512a0390 code [0x00000289512a0560, 0x00000289512a0990]
Event: 306.947 Thread 0x000002895bb594d0 20966       1       org.apache.coyote.AbstractProtocol$$Lambda/0x0000028901fb3348::run (8 bytes)
Event: 306.947 Thread 0x000002895bb594d0 nmethod 20966 0x00000289512a0010 code [0x00000289512a01c0, 0x00000289512a02b8]
Event: 306.948 Thread 0x000002895bb594d0 20967       1       org.apache.coyote.AbstractProtocol::lambda$startAsyncTimeout$1 (46 bytes)
Event: 306.948 Thread 0x000002895bb594d0 nmethod 20967 0x000002895129fa10 code [0x000002895129fc00, 0x000002895129fe68]
Event: 355.900 Thread 0x000002895bb594d0 20968       1       org.apache.catalina.webresources.Cache$$Lambda/0x0000028901ef0500::applyAsLong (8 bytes)
Event: 355.900 Thread 0x000002895bb594d0 nmethod 20968 0x000002895129f690 code [0x000002895129f820, 0x000002895129f930]

GC Heap History (20 events):
Event: 38.950 GC heap before
{Heap before GC invocations=60 (full 0):
 garbage-first heap   total 540672K, used 490576K [0x0000000702000000, 0x0000000800000000)
  region size 2048K, 136 young (278528K), 10 survivors (20480K)
 Metaspace       used 118477K, committed 119296K, reserved 1179648K
  class space    used 13156K, committed 13504K, reserved 1048576K
}
Event: 38.969 GC heap after
{Heap after GC invocations=61 (full 0):
 garbage-first heap   total 540672K, used 244605K [0x0000000702000000, 0x0000000800000000)
  region size 2048K, 11 young (22528K), 11 survivors (22528K)
 Metaspace       used 118477K, committed 119296K, reserved 1179648K
  class space    used 13156K, committed 13504K, reserved 1048576K
}
Event: 40.401 GC heap before
{Heap before GC invocations=61 (full 0):
 garbage-first heap   total 540672K, used 488317K [0x0000000702000000, 0x0000000800000000)
  region size 2048K, 130 young (266240K), 11 survivors (22528K)
 Metaspace       used 122471K, committed 123328K, reserved 1179648K
  class space    used 13374K, committed 13760K, reserved 1048576K
}
Event: 40.427 GC heap after
{Heap after GC invocations=62 (full 0):
 garbage-first heap   total 540672K, used 255977K [0x0000000702000000, 0x0000000800000000)
  region size 2048K, 13 young (26624K), 13 survivors (26624K)
 Metaspace       used 122471K, committed 123328K, reserved 1179648K
  class space    used 13374K, committed 13760K, reserved 1048576K
}
Event: 42.022 GC heap before
{Heap before GC invocations=62 (full 0):
 garbage-first heap   total 540672K, used 485353K [0x0000000702000000, 0x0000000800000000)
  region size 2048K, 125 young (256000K), 13 survivors (26624K)
 Metaspace       used 126765K, committed 127616K, reserved 1179648K
  class space    used 13637K, committed 14016K, reserved 1048576K
}
Event: 42.043 GC heap after
{Heap after GC invocations=63 (full 0):
 garbage-first heap   total 540672K, used 266658K [0x0000000702000000, 0x0000000800000000)
  region size 2048K, 13 young (26624K), 13 survivors (26624K)
 Metaspace       used 126765K, committed 127616K, reserved 1179648K
  class space    used 13637K, committed 14016K, reserved 1048576K
}
Event: 43.377 GC heap before
{Heap before GC invocations=64 (full 0):
 garbage-first heap   total 540672K, used 483746K [0x0000000702000000, 0x0000000800000000)
  region size 2048K, 119 young (243712K), 13 survivors (26624K)
 Metaspace       used 130705K, committed 131648K, reserved 1179648K
  class space    used 13901K, committed 14336K, reserved 1048576K
}
Event: 43.399 GC heap after
{Heap after GC invocations=65 (full 0):
 garbage-first heap   total 540672K, used 279984K [0x0000000702000000, 0x0000000800000000)
  region size 2048K, 12 young (24576K), 12 survivors (24576K)
 Metaspace       used 130705K, committed 131648K, reserved 1179648K
  class space    used 13901K, committed 14336K, reserved 1048576K
}
Event: 44.835 GC heap before
{Heap before GC invocations=65 (full 0):
 garbage-first heap   total 540672K, used 486832K [0x0000000702000000, 0x0000000800000000)
  region size 2048K, 113 young (231424K), 12 survivors (24576K)
 Metaspace       used 135073K, committed 136128K, reserved 1179648K
  class space    used 14441K, committed 14976K, reserved 1048576K
}
Event: 44.863 GC heap after
{Heap after GC invocations=66 (full 0):
 garbage-first heap   total 540672K, used 288184K [0x0000000702000000, 0x0000000800000000)
  region size 2048K, 11 young (22528K), 11 survivors (22528K)
 Metaspace       used 135073K, committed 136128K, reserved 1179648K
  class space    used 14441K, committed 14976K, reserved 1048576K
}
Event: 48.521 GC heap before
{Heap before GC invocations=66 (full 0):
 garbage-first heap   total 540672K, used 486840K [0x0000000702000000, 0x0000000800000000)
  region size 2048K, 109 young (223232K), 11 survivors (22528K)
 Metaspace       used 137221K, committed 138304K, reserved 1179648K
  class space    used 14737K, committed 15296K, reserved 1048576K
}
Event: 48.564 GC heap after
{Heap after GC invocations=67 (full 0):
 garbage-first heap   total 565248K, used 342016K [0x0000000702000000, 0x0000000800000000)
  region size 2048K, 14 young (28672K), 14 survivors (28672K)
 Metaspace       used 137221K, committed 138304K, reserved 1179648K
  class space    used 14737K, committed 15296K, reserved 1048576K
}
Event: 49.689 GC heap before
{Heap before GC invocations=68 (full 0):
 garbage-first heap   total 632832K, used 503808K [0x0000000702000000, 0x0000000800000000)
  region size 2048K, 93 young (190464K), 14 survivors (28672K)
 Metaspace       used 139067K, committed 140160K, reserved 1179648K
  class space    used 15001K, committed 15552K, reserved 1048576K
}
Event: 49.713 GC heap after
{Heap after GC invocations=69 (full 0):
 garbage-first heap   total 632832K, used 350672K [0x0000000702000000, 0x0000000800000000)
  region size 2048K, 8 young (16384K), 8 survivors (16384K)
 Metaspace       used 139067K, committed 140160K, reserved 1179648K
  class space    used 15001K, committed 15552K, reserved 1048576K
}
Event: 56.304 GC heap before
{Heap before GC invocations=69 (full 0):
 garbage-first heap   total 632832K, used 569808K [0x0000000702000000, 0x0000000800000000)
  region size 2048K, 112 young (229376K), 8 survivors (16384K)
 Metaspace       used 145051K, committed 146240K, reserved 1179648K
  class space    used 15609K, committed 16192K, reserved 1048576K
}
Event: 56.327 GC heap after
{Heap after GC invocations=70 (full 0):
 garbage-first heap   total 632832K, used 359505K [0x0000000702000000, 0x0000000800000000)
  region size 2048K, 13 young (26624K), 13 survivors (26624K)
 Metaspace       used 145051K, committed 146240K, reserved 1179648K
  class space    used 15609K, committed 16192K, reserved 1048576K
}
Event: 57.410 GC heap before
{Heap before GC invocations=70 (full 0):
 garbage-first heap   total 632832K, used 425041K [0x0000000702000000, 0x0000000800000000)
  region size 2048K, 47 young (96256K), 13 survivors (26624K)
 Metaspace       used 149491K, committed 150912K, reserved 1245184K
  class space    used 16292K, committed 16960K, reserved 1048576K
}
Event: 57.435 GC heap after
{Heap after GC invocations=71 (full 0):
 garbage-first heap   total 632832K, used 365623K [0x0000000702000000, 0x0000000800000000)
  region size 2048K, 10 young (20480K), 10 survivors (20480K)
 Metaspace       used 149491K, committed 150912K, reserved 1245184K
  class space    used 16292K, committed 16960K, reserved 1048576K
}
Event: 61.766 GC heap before
{Heap before GC invocations=72 (full 0):
 garbage-first heap   total 632832K, used 449591K [0x0000000702000000, 0x0000000800000000)
  region size 2048K, 55 young (112640K), 10 survivors (20480K)
 Metaspace       used 152933K, committed 154816K, reserved 1245184K
  class space    used 16771K, committed 17728K, reserved 1048576K
}
Event: 61.791 GC heap after
{Heap after GC invocations=73 (full 0):
 garbage-first heap   total 632832K, used 365761K [0x0000000702000000, 0x0000000800000000)
  region size 2048K, 7 young (14336K), 7 survivors (14336K)
 Metaspace       used 152933K, committed 154816K, reserved 1245184K
  class space    used 16771K, committed 17728K, reserved 1048576K
}

Dll operation events (12 events):
Event: 0.012 Loaded shared library C:\Program Files\Java\jdk-21\bin\java.dll
Event: 0.289 Loaded shared library C:\Program Files\Java\jdk-21\bin\zip.dll
Event: 0.293 Loaded shared library C:\Program Files\Java\jdk-21\bin\instrument.dll
Event: 0.297 Loaded shared library C:\Program Files\Java\jdk-21\bin\net.dll
Event: 0.298 Loaded shared library C:\Program Files\Java\jdk-21\bin\nio.dll
Event: 0.305 Loaded shared library C:\Program Files\Java\jdk-21\bin\zip.dll
Event: 0.501 Loaded shared library C:\Program Files\Java\jdk-21\bin\jimage.dll
Event: 0.544 Loaded shared library C:\Program Files\Java\jdk-21\bin\management.dll
Event: 0.553 Loaded shared library C:\Program Files\Java\jdk-21\bin\management_ext.dll
Event: 0.748 Loaded shared library C:\Program Files\Java\jdk-21\bin\extnet.dll
Event: 0.769 Loaded shared library C:\Program Files\Java\jdk-21\bin\verify.dll
Event: 1.834 Loaded shared library C:\Program Files\Java\jdk-21\bin\sunmscapi.dll

Deoptimization events (20 events):
Event: 63.862 Thread 0x000002896cc508f0 DEOPT PACKING pc=0x0000028951bbbddc sp=0x000000f8c72f8610
Event: 63.862 Thread 0x000002896cc508f0 DEOPT UNPACKING pc=0x0000028950f34e42 sp=0x000000f8c72f7ae0 mode 1
Event: 63.876 Thread 0x000002896cc508f0 DEOPT PACKING pc=0x000002895162a734 sp=0x000000f8c72f8570
Event: 63.876 Thread 0x000002896cc508f0 DEOPT UNPACKING pc=0x0000028950f34e42 sp=0x000000f8c72f7ad0 mode 1
Event: 63.876 Thread 0x000002896cc508f0 DEOPT PACKING pc=0x0000028951bbbddc sp=0x000000f8c72f8690
Event: 63.876 Thread 0x000002896cc508f0 DEOPT UNPACKING pc=0x0000028950f34e42 sp=0x000000f8c72f7b60 mode 1
Event: 66.045 Thread 0x0000028961529e20 DEOPT PACKING pc=0x00000289520f1efc sp=0x000000f8c7ffee90
Event: 66.045 Thread 0x0000028961529e20 DEOPT UNPACKING pc=0x0000028950f34e42 sp=0x000000f8c7ffe348 mode 0
Event: 76.051 Thread 0x0000028961527c10 DEOPT PACKING pc=0x00000289520f1efc sp=0x000000f8c83fea80
Event: 76.051 Thread 0x0000028961527c10 DEOPT UNPACKING pc=0x0000028950f34e42 sp=0x000000f8c83fdf38 mode 0
Event: 76.051 Thread 0x0000028961e75e70 DEOPT PACKING pc=0x00000289520f1efc sp=0x000000f8c65febd0
Event: 76.051 Thread 0x0000028961e75e70 DEOPT UNPACKING pc=0x0000028950f34e42 sp=0x000000f8c65fe088 mode 0
Event: 81.046 Thread 0x0000028961529750 DEOPT PACKING pc=0x00000289520f1efc sp=0x000000f8c7efead0
Event: 81.046 Thread 0x0000028961529750 DEOPT UNPACKING pc=0x0000028950f34e42 sp=0x000000f8c7efdf88 mode 0
Event: 81.046 Thread 0x000002896152abc0 DEOPT PACKING pc=0x00000289520f1efc sp=0x000000f8c80fef40
Event: 81.046 Thread 0x0000028961e2f070 DEOPT PACKING pc=0x00000289520f1efc sp=0x000000f8c63fe9d0
Event: 81.046 Thread 0x000002896152abc0 DEOPT UNPACKING pc=0x0000028950f34e42 sp=0x000000f8c80fe3f8 mode 0
Event: 81.046 Thread 0x0000028961e2f070 DEOPT UNPACKING pc=0x0000028950f34e42 sp=0x000000f8c63fde88 mode 0
Event: 359.443 Thread 0x000002896cc508f0 DEOPT PACKING pc=0x00000289522f753c sp=0x000000f8c72f8780
Event: 359.443 Thread 0x000002896cc508f0 DEOPT UNPACKING pc=0x0000028950f34e42 sp=0x000000f8c72f7c28 mode 0

Classes loaded (20 events):
Event: 61.573 Loading class java/util/stream/DoublePipeline$StatelessOp done
Event: 61.573 Loading class java/util/stream/ReferencePipeline$6 done
Event: 61.574 Loading class java/util/function/ObjDoubleConsumer
Event: 61.574 Loading class java/util/function/ObjDoubleConsumer done
Event: 61.574 Loading class java/util/stream/ReduceOps$16
Event: 61.574 Loading class java/util/stream/ReduceOps$16 done
Event: 61.575 Loading class java/util/stream/ReduceOps$13ReducingSink
Event: 61.575 Loading class java/util/stream/Sink$OfDouble
Event: 61.575 Loading class java/util/stream/Sink$OfDouble done
Event: 61.575 Loading class java/util/stream/ReduceOps$13ReducingSink done
Event: 61.575 Loading class java/util/stream/ReferencePipeline$6$1
Event: 61.575 Loading class java/util/stream/ReferencePipeline$6$1 done
Event: 61.622 Loading class java/text/FieldPosition$Delegate
Event: 61.622 Loading class java/text/FieldPosition$Delegate done
Event: 61.624 Loading class jdk/internal/math/FDBigInteger
Event: 61.625 Loading class jdk/internal/math/FDBigInteger done
Event: 61.760 Loading class javax/xml/datatype/XMLGregorianCalendar
Event: 61.761 Loading class javax/xml/datatype/XMLGregorianCalendar done
Event: 63.788 Loading class java/math/BigDecimal$StringBuilderHelper
Event: 63.788 Loading class java/math/BigDecimal$StringBuilderHelper done

Classes unloaded (0 events):
No events

Classes redefined (1 events):
Event: 359.564 Thread 0x00000289541e3cb0 redefined class name=com.maan.eway.common.service.impl.TermsAndConditionServiceImpl, count=1

Internal exceptions (20 events):
Event: 60.537 Thread 0x000002896d8dab50 Exception <a 'java/lang/ClassNotFoundException'{0x0000000725ae8740}: com/maan/eway/bean/FactorRateRequestDetailsCustomizer> (0x0000000725ae8740) 
thrown [s\open\src\hotspot\share\classfile\systemDictionary.cpp, line 312]
Event: 60.542 Thread 0x000002896d8d74d0 Exception <a 'java/lang/ClassNotFoundException'{0x0000000725b95128}: com/maan/eway/bean/PolicyCoverDataBeanInfo> (0x0000000725b95128) 
thrown [s\open\src\hotspot\share\classfile\systemDictionary.cpp, line 312]
Event: 60.542 Thread 0x000002896d8dab50 Exception <a 'java/lang/ClassNotFoundException'{0x0000000725beb200}: com/maan/eway/bean/PolicyCoverDataBeanInfo> (0x0000000725beb200) 
thrown [s\open\src\hotspot\share\classfile\systemDictionary.cpp, line 312]
Event: 60.543 Thread 0x000002896d8d74d0 Exception <a 'java/lang/ClassNotFoundException'{0x0000000725b9b310}: com/maan/eway/bean/PolicyCoverDataCustomizer> (0x0000000725b9b310) 
thrown [s\open\src\hotspot\share\classfile\systemDictionary.cpp, line 312]
Event: 60.543 Thread 0x000002896d8dab50 Exception <a 'java/lang/ClassNotFoundException'{0x0000000725bf13a8}: com/maan/eway/bean/PolicyCoverDataCustomizer> (0x0000000725bf13a8) 
thrown [s\open\src\hotspot\share\classfile\systemDictionary.cpp, line 312]
Event: 60.564 Thread 0x000002896d8dab50 Exception <a 'java/lang/NoSuchMethodError'{0x0000000725761390}: 'long java.lang.invoke.DirectMethodHandle$Holder.invokeStatic(java.lang.Object, java.lang.Object, int)'> (0x0000000725761390) 
thrown [s\open\src\hotspot\share\interpreter\linkResolver.cpp, line 773]
Event: 60.564 Thread 0x000002896d8d74d0 Exception <a 'java/lang/NoSuchMethodError'{0x00000007257ca708}: 'long java.lang.invoke.DirectMethodHandle$Holder.invokeStatic(java.lang.Object, java.lang.Object, int)'> (0x00000007257ca708) 
thrown [s\open\src\hotspot\share\interpreter\linkResolver.cpp, line 773]
Event: 60.616 Thread 0x000002896d8dab50 Exception <a 'java/lang/NoSuchMethodError'{0x000000072525a440}: 'int java.lang.invoke.DirectMethodHandle$Holder.invokeStatic(java.lang.Object, java.lang.Object, int, int)'> (0x000000072525a440) 
thrown [s\open\src\hotspot\share\interpreter\linkResolver.cpp, line 773]
Event: 60.616 Thread 0x000002896d8d74d0 Exception <a 'java/lang/NoSuchMethodError'{0x000000072521dfc8}: 'int java.lang.invoke.DirectMethodHandle$Holder.invokeStatic(java.lang.Object, java.lang.Object, int, int)'> (0x000000072521dfc8) 
thrown [s\open\src\hotspot\share\interpreter\linkResolver.cpp, line 773]
Event: 61.571 Thread 0x000002896d8be5b0 Exception <a 'java/lang/ClassNotFoundException'{0x0000000723088588}: com/maan/eway/bean/EserviceCustomerDetailsBeanInfo> (0x0000000723088588) 
thrown [s\open\src\hotspot\share\classfile\systemDictionary.cpp, line 312]
Event: 61.571 Thread 0x000002896d8bd810 Exception <a 'java/lang/NoSuchMethodError'{0x00000007230496d8}: 'double java.lang.invoke.DirectMethodHandle$Holder.invokeStatic(java.lang.Object, java.lang.Object)'> (0x00000007230496d8) 
thrown [s\open\src\hotspot\share\interpreter\linkResolver.cpp, line 773]
Event: 61.572 Thread 0x000002896d8be5b0 Exception <a 'java/lang/ClassNotFoundException'{0x000000072308e648}: com/maan/eway/bean/EserviceCustomerDetailsCustomizer> (0x000000072308e648) 
thrown [s\open\src\hotspot\share\classfile\systemDictionary.cpp, line 312]
Event: 61.574 Thread 0x000002896d8bd810 Exception <a 'java/lang/NoSuchMethodError'{0x00000007230a5c90}: 'void java.lang.invoke.DirectMethodHandle$Holder.invokeStatic(java.lang.Object, java.lang.Object, double)'> (0x00000007230a5c90) 
thrown [s\open\src\hotspot\share\interpreter\linkResolver.cpp, line 773]
Event: 61.576 Thread 0x000002896d8be5b0 Exception <a 'java/lang/ClassNotFoundException'{0x0000000723185e40}: com/maan/eway/bean/PersonalInfoBeanInfo> (0x0000000723185e40) 
thrown [s\open\src\hotspot\share\classfile\systemDictionary.cpp, line 312]
Event: 61.577 Thread 0x000002896d8be5b0 Exception <a 'java/lang/ClassNotFoundException'{0x000000072318ba88}: com/maan/eway/bean/PersonalInfoCustomizer> (0x000000072318ba88) 
thrown [s\open\src\hotspot\share\classfile\systemDictionary.cpp, line 312]
Event: 61.580 Thread 0x000002896d8bd810 Exception <a 'java/lang/ClassNotFoundException'{0x00000007230d7688}: com/maan/eway/bean/EserviceBuildingDetailsBeanInfo> (0x00000007230d7688) 
thrown [s\open\src\hotspot\share\classfile\systemDictionary.cpp, line 312]
Event: 61.581 Thread 0x000002896d8bd810 Exception <a 'java/lang/ClassNotFoundException'{0x00000007230dd748}: com/maan/eway/bean/EserviceBuildingDetailsCustomizer> (0x00000007230dd748) 
thrown [s\open\src\hotspot\share\classfile\systemDictionary.cpp, line 312]
Event: 61.587 Thread 0x000002896d8bd810 Exception <a 'java/lang/ClassNotFoundException'{0x000000072189f280}: com/maan/eway/bean/BuildingRiskDetailsBeanInfo> (0x000000072189f280) 
thrown [s\open\src\hotspot\share\classfile\systemDictionary.cpp, line 312]
Event: 61.588 Thread 0x000002896d8bd810 Exception <a 'java/lang/ClassNotFoundException'{0x00000007218a52d0}: com/maan/eway/bean/BuildingRiskDetailsCustomizer> (0x00000007218a52d0) 
thrown [s\open\src\hotspot\share\classfile\systemDictionary.cpp, line 312]
Event: 62.963 Thread 0x000002896d28f5a0 Exception <a 'java/lang/NoSuchMethodError'{0x0000000728bd9188}: 'java.lang.Object java.lang.invoke.DirectMethodHandle$Holder.invokeInterface(java.lang.Object, java.lang.Object, java.lang.Object, java.lang.Object)'> (0x0000000728bd9188) 
thrown [s\open\src\hotspot\share\interpreter\linkResolver.cpp, line 773]

ZGC Phase Switch (0 events):
No events

VM Operations (20 events):
Event: 246.527 Executing VM operation: Cleanup
Event: 246.527 Executing VM operation: Cleanup done
Event: 249.533 Executing VM operation: Cleanup
Event: 249.533 Executing VM operation: Cleanup done
Event: 276.598 Executing VM operation: Cleanup
Event: 276.598 Executing VM operation: Cleanup done
Event: 300.656 Executing VM operation: HandshakeAllThreads (HandshakeForDeflation)
Event: 300.656 Executing VM operation: HandshakeAllThreads (HandshakeForDeflation) done
Event: 300.656 Executing VM operation: RendezvousGCThreads
Event: 300.656 Executing VM operation: RendezvousGCThreads done
Event: 359.442 Executing VM operation: ChangeSingleStep
Event: 359.442 Executing VM operation: ChangeSingleStep done
Event: 359.443 Executing VM operation: ChangeSingleStep
Event: 359.443 Executing VM operation: ChangeSingleStep done
Event: 359.546 Executing VM operation: RedefineClasses
Event: 359.611 Executing VM operation: RedefineClasses done
Event: 359.718 Executing VM operation: ChangeBreakpoints
Event: 359.722 Executing VM operation: ChangeBreakpoints done
Event: 359.727 Executing VM operation: ChangeSingleStep
Event: 359.727 Executing VM operation: ChangeSingleStep done

Events (20 events):
Event: 62.927 Thread 0x000002896d28e800 Thread added: 0x000002896d28e800
Event: 62.928 Thread 0x000002896d28f5a0 Thread added: 0x000002896d28f5a0
Event: 63.833 Thread 0x000002896d28f5a0 Thread exited: 0x000002896d28f5a0
Event: 74.947 Thread 0x0000028962737670 Thread exited: 0x0000028962737670
Event: 74.948 Thread 0x0000028962735320 Thread exited: 0x0000028962735320
Event: 74.948 Thread 0x00000289627392b0 Thread exited: 0x00000289627392b0
Event: 120.248 Thread 0x000002896d8d96e0 Thread exited: 0x000002896d8d96e0
Event: 121.503 Thread 0x000002896d8d07d0 Thread exited: 0x000002896d8d07d0
Event: 122.725 Thread 0x000002896d8dc690 Thread exited: 0x000002896d8dc690
Event: 123.835 Thread 0x000002896d28e800 Thread exited: 0x000002896d28e800
Event: 126.047 Thread 0x0000028961529e20 Thread exited: 0x0000028961529e20
Event: 136.052 Thread 0x0000028961527c10 Thread exited: 0x0000028961527c10
Event: 136.052 Thread 0x0000028961e75e70 Thread exited: 0x0000028961e75e70
Event: 141.048 Thread 0x000002896152abc0 Thread exited: 0x000002896152abc0
Event: 141.049 Thread 0x0000028961e2f070 Thread exited: 0x0000028961e2f070
Event: 141.049 Thread 0x0000028961529750 Thread exited: 0x0000028961529750
Event: 181.504 Thread 0x000002896d8d6e00 Thread exited: 0x000002896d8d6e00
Event: 182.726 Thread 0x000002896d8bfa20 Thread exited: 0x000002896d8bfa20
Event: 241.503 Thread 0x000002896d8d9db0 Thread exited: 0x000002896d8d9db0
Event: 242.727 Thread 0x000002896d8bd140 Thread exited: 0x000002896d8bd140


Dynamic libraries:
0x00007ff756bf0000 - 0x00007ff756c00000 	C:\Program Files\Java\jdk-21\bin\javaw.exe
0x00007ffc20040000 - 0x00007ffc202a7000 	C:\WINDOWS\SYSTEM32\ntdll.dll
0x00007ffc1f900000 - 0x00007ffc1f9c9000 	C:\WINDOWS\System32\KERNEL32.DLL
0x00007ffc1d190000 - 0x00007ffc1d57f000 	C:\WINDOWS\System32\KERNELBASE.dll
0x00007ffc19700000 - 0x00007ffc1979f000 	C:\WINDOWS\SYSTEM32\apphelp.dll
0x00007ffb81270000 - 0x00007ffb81716000 	C:\WINDOWS\SYSTEM32\AcLayers.DLL
0x00007ffc1f0c0000 - 0x00007ffc1f169000 	C:\WINDOWS\System32\msvcrt.dll
0x00007ffc1e7e0000 - 0x00007ffc1e846000 	C:\WINDOWS\System32\SHLWAPI.dll
0x00007ffc1d590000 - 0x00007ffc1d6db000 	C:\WINDOWS\System32\ucrtbase.dll
0x00007ffc0b3b0000 - 0x00007ffc0b3c3000 	C:\WINDOWS\SYSTEM32\SortWindows61.dll
0x00007ffc0b390000 - 0x00007ffc0b3a9000 	C:\Program Files\Java\jdk-21\bin\jli.dll
0x00007ffc1f580000 - 0x00007ffc1f634000 	C:\WINDOWS\System32\ADVAPI32.dll
0x00007ffc0b190000 - 0x00007ffc0b1ab000 	C:\Program Files\Java\jdk-21\bin\VCRUNTIME140.dll
0x00007ffc1fc40000 - 0x00007ffc1fce6000 	C:\WINDOWS\System32\sechost.dll
0x00007ffc1fdb0000 - 0x00007ffc1fec8000 	C:\WINDOWS\System32\RPCRT4.dll
0x00007ffc1f640000 - 0x00007ffc1f805000 	C:\WINDOWS\System32\USER32.dll
0x00007ffc0e850000 - 0x00007ffc0eae3000 	C:\WINDOWS\WinSxS\amd64_microsoft.windows.common-controls_6595b64144ccf1df_6.0.26100.7309_none_3e05feeae336a044\COMCTL32.dll
0x00007ffc1ddb0000 - 0x00007ffc1ddd7000 	C:\WINDOWS\System32\win32u.dll
0x00007ffc1fd00000 - 0x00007ffc1fd2b000 	C:\WINDOWS\System32\GDI32.dll
0x00007ffc1d990000 - 0x00007ffc1dabc000 	C:\WINDOWS\System32\gdi32full.dll
0x00007ffc1d850000 - 0x00007ffc1d8f3000 	C:\WINDOWS\System32\msvcp_win.dll
0x00007ffc16530000 - 0x00007ffc1653b000 	C:\WINDOWS\SYSTEM32\VERSION.dll
0x00007ffc1ffb0000 - 0x00007ffc1ffe1000 	C:\WINDOWS\System32\IMM32.DLL
0x00007ffc15dd0000 - 0x00007ffc15ddc000 	C:\Program Files\Java\jdk-21\bin\vcruntime140_1.dll
0x00007ffc05910000 - 0x00007ffc0599e000 	C:\Program Files\Java\jdk-21\bin\msvcp140.dll
0x00007ffb5bbe0000 - 0x00007ffb5c8fa000 	C:\Program Files\Java\jdk-21\bin\server\jvm.dll
0x00007ffc1f500000 - 0x00007ffc1f574000 	C:\WINDOWS\System32\WS2_32.dll
0x00007ffc1cff0000 - 0x00007ffc1d04e000 	C:\WINDOWS\SYSTEM32\POWRPROF.dll
0x00007ffc0ec10000 - 0x00007ffc0ec45000 	C:\WINDOWS\SYSTEM32\WINMM.dll
0x00007ffc1cfd0000 - 0x00007ffc1cfe4000 	C:\WINDOWS\SYSTEM32\UMPDC.dll
0x00007ffc1bf40000 - 0x00007ffc1bf5b000 	C:\WINDOWS\SYSTEM32\kernel.appcore.dll
0x00007ffc15af0000 - 0x00007ffc15afa000 	C:\Program Files\Java\jdk-21\bin\jimage.dll
0x00007ffc1aaa0000 - 0x00007ffc1ace2000 	C:\WINDOWS\SYSTEM32\DBGHELP.DLL
0x00007ffc1f170000 - 0x00007ffc1f4f6000 	C:\WINDOWS\System32\combase.dll
0x00007ffc1fed0000 - 0x00007ffc1ffa6000 	C:\WINDOWS\System32\OLEAUT32.dll
0x00007ffc0fbc0000 - 0x00007ffc0fbfc000 	C:\WINDOWS\SYSTEM32\dbgcore.DLL
0x00007ffc1dd00000 - 0x00007ffc1dda5000 	C:\WINDOWS\System32\bcryptPrimitives.dll
0x00007ffc0f1f0000 - 0x00007ffc0f22c000 	C:\Program Files\Java\jdk-21\bin\jdwp.dll
0x00007ffc151c0000 - 0x00007ffc151cf000 	C:\Program Files\Java\jdk-21\bin\instrument.dll
0x00007ffc0b170000 - 0x00007ffc0b18f000 	C:\Program Files\Java\jdk-21\bin\java.dll
0x00007ffc1e080000 - 0x00007ffc1e7d3000 	C:\WINDOWS\System32\SHELL32.dll
0x00007ffc1d6e0000 - 0x00007ffc1d84a000 	C:\WINDOWS\System32\wintypes.dll
0x00007ffc1acf0000 - 0x00007ffc1b54e000 	C:\WINDOWS\SYSTEM32\windows.storage.dll
0x00007ffc1e850000 - 0x00007ffc1e945000 	C:\WINDOWS\System32\SHCORE.dll
0x00007ffc1d0b0000 - 0x00007ffc1d0d9000 	C:\WINDOWS\SYSTEM32\profapi.dll
0x00007ffc13950000 - 0x00007ffc1395c000 	C:\Program Files\Java\jdk-21\bin\dt_socket.dll
0x00007ffc1b950000 - 0x00007ffc1b984000 	C:\WINDOWS\SYSTEM32\IPHLPAPI.DLL
0x00007ffc1c4b0000 - 0x00007ffc1c51b000 	C:\WINDOWS\system32\mswsock.dll
0x00007ffc1b990000 - 0x00007ffc1babc000 	C:\WINDOWS\SYSTEM32\DNSAPI.dll
0x00007ffc1fcf0000 - 0x00007ffc1fcfa000 	C:\WINDOWS\System32\NSI.dll
0x00007ffc14520000 - 0x00007ffc1452b000 	C:\Windows\System32\rasadhlp.dll
0x00007ffc14660000 - 0x00007ffc146e6000 	C:\WINDOWS\System32\fwpuclnt.dll
0x00007ffc058f0000 - 0x00007ffc05908000 	C:\Program Files\Java\jdk-21\bin\zip.dll
0x00007ffc13660000 - 0x00007ffc13670000 	C:\Program Files\Java\jdk-21\bin\net.dll
0x00007ffc15f60000 - 0x00007ffc16088000 	C:\WINDOWS\SYSTEM32\WINHTTP.dll
0x00007ffc041a0000 - 0x00007ffc041b6000 	C:\Program Files\Java\jdk-21\bin\nio.dll
0x00007ffc0c340000 - 0x00007ffc0c34a000 	C:\Program Files\Java\jdk-21\bin\management.dll
0x00007ffc0b330000 - 0x00007ffc0b33b000 	C:\Program Files\Java\jdk-21\bin\management_ext.dll
0x00007ffc1edf0000 - 0x00007ffc1edf8000 	C:\WINDOWS\System32\PSAPI.DLL
0x00007ffc0a860000 - 0x00007ffc0a878000 	C:\WINDOWS\system32\napinsp.dll
0x00007ffc0a840000 - 0x00007ffc0a852000 	C:\WINDOWS\System32\winrnr.dll
0x00007ffc08940000 - 0x00007ffc08962000 	C:\WINDOWS\system32\nlansp_c.dll
0x00007ffc0a7e0000 - 0x00007ffc0a7f6000 	C:\WINDOWS\system32\wshbth.dll
0x00007ffc1c780000 - 0x00007ffc1c79b000 	C:\WINDOWS\SYSTEM32\CRYPTSP.dll
0x00007ffc1bea0000 - 0x00007ffc1beda000 	C:\WINDOWS\system32\rsaenh.dll
0x00007ffc1c560000 - 0x00007ffc1c58b000 	C:\WINDOWS\SYSTEM32\USERENV.dll
0x00007ffc1d080000 - 0x00007ffc1d0aa000 	C:\WINDOWS\SYSTEM32\bcrypt.dll
0x00007ffc1c770000 - 0x00007ffc1c77c000 	C:\WINDOWS\SYSTEM32\CRYPTBASE.dll
0x00007ffc0d200000 - 0x00007ffc0d209000 	C:\Program Files\Java\jdk-21\bin\extnet.dll
0x00007ffc11ee0000 - 0x00007ffc11ef0000 	C:\Program Files\Java\jdk-21\bin\verify.dll
0x00007ffc11a80000 - 0x00007ffc11a8e000 	C:\Program Files\Java\jdk-21\bin\sunmscapi.dll
0x00007ffc1dac0000 - 0x00007ffc1dc37000 	C:\WINDOWS\System32\CRYPT32.dll
0x00007ffc1c990000 - 0x00007ffc1c9c0000 	C:\WINDOWS\SYSTEM32\ncrypt.dll
0x00007ffc1c940000 - 0x00007ffc1c97f000 	C:\WINDOWS\SYSTEM32\NTASN1.dll
0x00007ffbe8df0000 - 0x00007ffbe8df8000 	C:\WINDOWS\system32\wshunix.dll

dbghelp: loaded successfully - version: 4.0.5 - missing functions: none
symbol engine: initialized successfully - sym options: 0x614 - pdb path: .;C:\Program Files\Java\jdk-21\bin;C:\WINDOWS\SYSTEM32;C:\WINDOWS\WinSxS\amd64_microsoft.windows.common-controls_6595b64144ccf1df_6.0.26100.7309_none_3e05feeae336a044;C:\Program Files\Java\jdk-21\bin\server

VM Arguments:
jvm_args: -XX:+ShowCodeDetailsInExceptionMessages -agentlib:jdwp=transport=dt_socket,suspend=y,address=localhost:57406 -Dcom.sun.management.jmxremote -Dcom.sun.management.jmxremote.port=62699 -Dcom.sun.management.jmxremote.authenticate=false -Dcom.sun.management.jmxremote.ssl=false -Djava.rmi.server.hostname=localhost -Dspring.jmx.enabled=true -Dmanagement.endpoints.jmx.exposure.include=* -Dspring.application.admin.enabled=true -Dspring.output.ansi.enabled=always -XX:TieredStopAtLevel=1 -Dspring.boot.project.name=WeCoreCommonAPI -javaagent:D:\AJAY\sts-4.28.1.RELEASE\configuration\org.eclipse.osgi\275\0\.cp\lib\javaagent-shaded.jar -Dfile.encoding=UTF-8 -Dstdout.encoding=UTF-8 -Dstderr.encoding=UTF-8 
java_command: com.maan.eway.EwayCommonApiApplication
java_class_path (initial): D:\AJAY\WENXT PROJECT MERGED\WeCoreCommonAPI\target\classes;C:\Users\DELL\.m2\repository\org\codehaus\groovy\groovy-all\2.4.10\groovy-all-2.4.10.jar;C:\Users\DELL\.m2\repository\org\springframework\boot\spring-boot-starter-data-jpa\3.2.6\spring-boot-starter-data-jpa-3.2.6.jar;C:\Users\DELL\.m2\repository\org\springframework\boot\spring-boot-starter-aop\3.2.6\spring-boot-starter-aop-3.2.6.jar;C:\Users\DELL\.m2\repository\org\aspectj\aspectjweaver\1.9.22\aspectjweaver-1.9.22.jar;C:\Users\DELL\.m2\repository\org\springframework\boot\spring-boot-starter-jdbc\3.2.6\spring-boot-starter-jdbc-3.2.6.jar;C:\Users\DELL\.m2\repository\com\zaxxer\HikariCP\5.0.1\HikariCP-5.0.1.jar;C:\Users\DELL\.m2\repository\org\springframework\spring-jdbc\6.1.8\spring-jdbc-6.1.8.jar;C:\Users\DELL\.m2\repository\org\hibernate\orm\hibernate-core\6.4.8.Final\hibernate-core-6.4.8.Final.jar;C:\Users\DELL\.m2\repository\jakarta\persistence\jakarta.persistence-api\3.1.0\jakarta.persistence-api-3.1.0.jar;C:\Users\DELL\.m2\repository\jakarta\transaction\jakarta.transaction-api\2.0.1\jakarta.transaction-api-2.0.1.jar;C:\Users\DELL\.m2\repository\org\jboss\logging\jboss-logging\3.5.3.Final\jboss-logging-3.5.3.Final.jar;C:\Users\DELL\.m2\repository\org\hibernate\common\hibernate-commons-annotations\6.0.6.Final\hibernate-commons-annotations-6.0.6.Final.jar;C:\Users\DELL\.m2\repository\io\smallrye\jandex\3.1.2\jandex-3.1.2.jar;C:\Users\DELL\.m2\repository\net\bytebuddy\byte-buddy\1.14.16\byte-buddy-1.14.16.jar;C:\Users\DELL\.m2\repository\org\glassfish\jaxb\jaxb-runtime\4.0.5\jaxb-runtime-4.0.5.jar;C:\Users\DELL\.m2\repository\org\glassfish\jaxb\jaxb-core\4.0.5\jaxb-core-4.0.5.jar;C:\Users\DELL\.m2\repository\org\eclipse\angus\angus-activation\2.0.2\angus-activation-2.0.2.jar;C:\Users\DELL\.m2\repository\org\glassfish\jaxb\txw2\4.0.5\txw2-4.0.5.jar;C:\Users\DELL\.m2\repository\com\sun\istack\istack-commons-runtime\4.1.2\istack-commons-runtime-4.1.2.jar;C:\Users\DELL\.m2\repository\jakarta\inject\jakarta.inject-api\2.0.1\jakarta.inject-api-2.0.1.jar;C:\Users\DELL\.m2\repository\org\antlr\antlr4-runtime\4.13.0\antlr4-runtime-4.13.0.jar;C:\Users\DELL\.m2\repository\org\springframework\data\spring-data-jpa\3.2.6\spring-data-jpa-3.2.6.jar;C:\Users\DELL\.m2\repository\org\springframework\data\spring-data-commons\3.2.6\spring-data-commons-3.2.6.jar;C:\Users\DELL\.m2\repository\org\springframework\spring-orm\6.1.8\spring-orm-6.1.8.jar;C:\Users\DELL\.m2\repository\org\springframework\spring-tx\6.1.8\spring-tx-6.1.8.jar;C:\Users\DELL\.m2\repository\org\springframework\spring-aspects\6.1.8\spring-aspects-6.1.8.jar;C:\Users\DELL\.m2\repository\org\springframework\boot\spring-boot-starter-data-jdbc\3.2.6\spring-boot-starter-data-jdbc-3.2.6.jar;C:\Users\DELL\.m2\repository\org\springframework\data\spring-data-jdbc\3.2.6\spring-data-jdbc-3.2.6.jar;C:\Users\DELL\.m2\repository\org\springframework\data\spring-data-relational\3.2.6\spring-data-relational-3.2.6.jar;C:\Users\DELL\.m2\repository\com\github\jsqlparser\jsqlparser\4.6\jsqlparser-4.6.jar;C:\Users\DELL\.m2\repository\org\springframework\boot\spring-boot-starter-web\3.2.6\spring-boot-starter-web-3.2.6.jar;C:\Users\DELL\.m2\repository\org\springframework\boot\spring-boot-starter\3.2.6\spring-boot-starter-3.2.6.jar;C:\Users\DELL\.m2\repository\org\springframework\boot\spring-boot\3.2.6\spring-boot-3.2.6.jar;C:\Users\DELL\.m2\repository\org\springframework\boot\spring-boot-autoconfigure\3.2.6\spring-boot-autoconfigure-3.2.6.jar;C:\Users\DELL\.m2\repository\org\springframework\boot\spring-boot-starter-logging\3.2.6\spring-boot-starter-logging-3.2.6.jar;C:\Users\DELL\.m2\repository\ch\qos\logback\logback-classic\1.4.14\logback-classic-1.4.14.jar;C:\Users\DELL\.m2\repository\ch\qos\logback\logback-core\1.4.14\logback-core-1.4.14.jar;C:\Users\DELL\.m2\repository\org\apache\logging\log4j\log4j-to-slf4j\2.21.1\log4j-to-slf4j-2.21.1.jar;C:\Users\DELL\.m2\repository\org\apache\logging\log4j\log4j-api\2.21.1\log4j-api-2.21.1.jar;C:\Users\DELL\.m2\repository\org\slf4j\jul-to-slf4j\2.0.13\jul-to-slf4j-2.0.13.jar;C:\Users\DELL\.m2\repository\org\springframework\boot\spring-boot-starter-json\3.2.6\spring-boot-starter-json-3.2.6.jar;C:\Users\DELL\.m2\repository\com\fasterxml\jackson\datatype\jackson-datatype-jdk8\2.15.4\jackson-datatype-jdk8-2.15.4.jar;C:\Users\DELL\.m2\repository\com\fasterxml\jackson\module\jackson-module-parameter-names\2.15.4\jackson-module-parameter-names-2.15.4.jar;C:\Users\DELL\.m2\repository\org\springframework\spring-web\6.1.8\spring-web-6.1.8.jar;C:\Users\DELL\.m2\repository\io\micrometer\micrometer-observation\1.12.6\micrometer-observation-1.12.6.jar;C:\Users\DELL\.m2\repository\io\micrometer\micrometer-commons\1.12.6\micrometer-commons-1.12.6.jar;C:\Users\DELL\.m2\repository\org\springframework\spring-webmvc\6.1.8\spring-webmvc-6.1.8.jar;C:\Users\DELL\.m2\repository\org\springframework\spring-expression\6.1.8\spring-expression-6.1.8.jar;C:\Users\DELL\.m2\repository\jakarta\validation\jakarta.validation-api\3.0.2\jakarta.validation-api-3.0.2.jar;C:\Users\DELL\.m2\repository\org\apache\poi\poi\4.1.1\poi-4.1.1.jar;C:\Users\DELL\.m2\repository\commons-codec\commons-codec\1.16.1\commons-codec-1.16.1.jar;C:\Users\DELL\.m2\repository\org\apache\commons\commons-collections4\4.4\commons-collections4-4.4.jar;C:\Users\DELL\.m2\repository\org\apache\commons\commons-math3\3.6.1\commons-math3-3.6.1.jar;C:\Users\DELL\.m2\repository\p6spy\p6spy\3.9.1\p6spy-3.9.1.jar;C:\Users\DELL\.m2\repository\net\sf\jasperreports\jasperreports\6.18.1\jasperreports-6.18.1.jar;C:\Users\DELL\.m2\repository\commons-beanutils\commons-beanutils\1.9.4\commons-beanutils-1.9.4.jar;C:\Users\DELL\.m2\repository\commons-collections\commons-collections\3.2.2\commons-collections-3.2.2.jar;C:\Users\DELL\.m2\repository\commons-digester\commons-digester\2.1\commons-digester-2.1.jar;C:\Users\DELL\.m2\repository\commons-logging\commons-logging\1.1.1\commons-logging-1.1.1.jar;C:\Users\DELL\.m2\repository\com\lowagie\itext\2.1.7.js9\itext-2.1.7.js9.jar;C:\Users\DELL\.m2\repository\org\bouncycastle\bcprov-jdk15on\1.68\bcprov-jdk15on-1.68.jar;C:\Users\DELL\.m2\repository\org\jfree\jcommon\1.0.23\jcommon-1.0.23.jar;C:\Users\DELL\.m2\repository\org\jfree\jfreechart\1.0.19\jfreechart-1.0.19.jar;C:\Users\DELL\.m2\repository\org\eclipse\jdt\ecj\3.21.0\ecj-3.21.0.jar;C:\Users\DELL\.m2\repository\org\codehaus\castor\castor-xml\1.4.1\castor-xml-1.4.1.jar;C:\Users\DELL\.m2\repository\org\codehaus\castor\castor-core\1.4.1\castor-core-1.4.1.jar;C:\Users\DELL\.m2\repository\javax\inject\javax.inject\1\javax.inject-1.jar;C:\Users\DELL\.m2\repository\com\fasterxml\jackson\core\jackson-core\2.15.4\jackson-core-2.15.4.jar;C:\Users\DELL\.m2\repository\com\fasterxml\jackson\core\jackson-annotations\2.15.4\jackson-annotations-2.15.4.jar;C:\Users\DELL\.m2\repository\com\fasterxml\jackson\core\jackson-databind\2.15.4\jackson-databind-2.15.4.jar;C:\Users\DELL\.m2\repository\com\mysql\mysql-connector-j\9.0.0\mysql-connector-j-9.0.0.jar;C:\Users\DELL\.m2\repository\org\projectlombok\lombok\1.18.32\lombok-1.18.32.jar;C:\Users\DELL\.m2\repository\org\springframework\boot\spring-boot-starter-tomcat\3.2.6\spring-boot-starter-tomcat-3.2.6.jar;C:\Users\DELL\.m2\repository\jakarta\annotation\jakarta.annotation-api\2.1.1\jakarta.annotation-api-2.1.1.jar;C:\Users\DELL\.m2\repository\org\apache\tomcat\embed\tomcat-embed-core\10.1.24\tomcat-embed-core-10.1.24.jar;C:\Users\DELL\.m2\repository\org\apache\tomcat\embed\tomcat-embed-el\10.1.24\tomcat-embed-el-10.1.24.jar;C:\Users\DELL\.m2\repository\org\apache\tomcat\embed\tomcat-embed-websocket\10.1.24\tomcat-embed-websocket-10.1.24.jar;C:\Users\DELL\.m2\repository\jakarta\xml\bind\jakarta.xml.bind-api\4.0.2\jakarta.xml.bind-api-4.0.2.jar;C:\Users\DELL\.m2\repository\jakarta\activation\jakarta.activation-api\2.1.3\jakarta.activation-api-2.1.3.jar;C:\Users\DELL\.m2\repository\org\hamcrest\hamcrest\2.2\hamcrest-2.2.jar;C:\Users\DELL\.m2\repository\org\springframework\spring-core\6.1.8\spring-core-6.1.8.jar;C:\Users\DELL\.m2\repository\org\springframework\spring-jcl\6.1.8\spring-jcl-6.1.8.jar;C:\Users\DELL\.m2\repository\io\springfox\springfox-boot-starter\3.0.0\springfox-boot-starter-3.0.0.jar;C:\Users\DELL\.m2\repository\io\springfox\springfox-oas\3.0.0\springfox-oas-3.0.0.jar;C:\Users\DELL\.m2\repository\io\springfox\springfox-spi\3.0.0\springfox-spi-3.0.0.jar;C:\Users\DELL\.m2\repository\io\springfox\springfox-schema\3.0.0\springfox-schema-3.0.0.jar;C:\Users\DELL\.m2\repository\io\springfox\springfox-core\3.0.0\springfox-core-3.0.0.jar;C:\Users\DELL\.m2\repository\io\springfox\springfox-spring-web\3.0.0\springfox-spring-web-3.0.0.jar;C:\Users\DELL\.m2\repository\io\github\classgraph\classgraph\4.8.83\classgraph-4.8.83.jar;C:\Users\DELL\.m2\repository\io\springfox\springfox-spring-webmvc\3.0.0\springfox-spring-webmvc-3.0.0.jar;C:\Users\DELL\.m2\repository\io\springfox\springfox-spring-webflux\3.0.0\springfox-spring-webflux-3.0.0.jar;C:\Users\DELL\.m2\repository\io\springfox\springfox-swagger-common\3.0.0\springfox-swagger-common-3.0.0.jar;C:\Users\DELL\.m2\repository\org\mapstruct\mapstruct\1.3.1.Final\mapstruct-1.3.1.Final.jar;C:\Users\DELL\.m2\repository\io\springfox\springfox-data-rest\3.0.0\springfox-data-rest-3.0.0.jar;C:\Users\DELL\.m2\repository\io\springfox\springfox-bean-validators\3.0.0\springfox-bean-validators-3.0.0.jar;C:\Users\DELL\.m2\repository\io\springfox\springfox-swagger2\3.0.0\springfox-swagger2-3.0.0.jar;C:\Users\DELL\.m2\repository\io\swagger\swagger-annotations\1.5.20\swagger-annotations-1.5.20.jar;C:\Users\DELL\.m2\repository\io\swagger\swagger-models\1.5.20\swagger-models-1.5.20.jar;C:\Users\DELL\.m2\repository\io\springfox\springfox-swagger-ui\3.0.0\springfox-swagger-ui-3.0.0.jar;C:\Users\DELL\.m2\repository\com\fasterxml\classmate\1.6.0\classmate-1.6.0.jar;C:\Users\DELL\.m2\repository\org\slf4j\slf4j-api\2.0.13\slf4j-api-2.0.13.jar;C:\Users\DELL\.m2\repository\org\springframework\plugin\spring-plugin-core\2.0.0.RELEASE\spring-plugin-core-2.0.0.RELEASE.jar;C:\Users\DELL\.m2\repository\org\springframework\plugin\spring-plugin-metadata\2.0.0.RELEASE\spring-plugin-metadata-2.0.0.RELEASE.jar;C:\Users\DELL\.m2\repository\org\springdoc\springdoc-openapi-starter-webmvc-ui\2.2.0\springdoc-openapi-starter-webmvc-ui-2.2.0.jar;C:\Users\DELL\.m2\repository\org\springdoc\springdoc-openapi-starter-webmvc-api\2.2.0\springdoc-openapi-starter-webmvc-api-2.2.0.jar;C:\Users\DELL\.m2\repository\org\springdoc\springdoc-openapi-starter-common\2.2.0\springdoc-openapi-starter-common-2.2.0.jar;C:\Users\DELL\.m2\repository\io\swagger\core\v3\swagger-core-jakarta\2.2.15\swagger-core-jakarta-2.2.15.jar;C:\Users\DELL\.m2\repository\io\swagger\core\v3\swagger-annotations-jakarta\2.2.15\swagger-annotations-jakarta-2.2.15.jar;C:\Users\DELL\.m2\repository\io\swagger\core\v3\swagger-models-jakarta\2.2.15\swagger-models-jakarta-2.2.15.jar;C:\Users\DELL\.m2\repository\org\webjars\swagger-ui\5.2.0\swagger-ui-5.2.0.jar;C:\Users\DELL\.m2\repository\io\swagger\core\v3\swagger-core\2.2.14\swagger-core-2.2.14.jar;C:\Users\DELL\.m2\repository\com\fasterxml\jackson\dataformat\jackson-dataformat-yaml\2.15.4\jackson-dataformat-yaml-2.15.4.jar;C:\Users\DELL\.m2\repository\com\fasterxml\jackson\datatype\jackson-datatype-jsr310\2.15.4\jackson-datatype-jsr310-2.15.4.jar;C:\Users\DELL\.m2\repository\io\swagger\core\v3\swagger-annotations\2.2.14\swagger-annotations-2.2.14.jar;C:\Users\DELL\.m2\repository\org\yaml\snakeyaml\2.2\snakeyaml-2.2.jar;C:\Users\DELL\.m2\repository\io\swagger\core\v3\swagger-models\2.2.14\swagger-models-2.2.14.jar;C:\Users\DELL\.m2\repository\commons-io\commons-io\2.15.1\commons-io-2.15.1.jar;C:\Users\DELL\.m2\repository\org\modelmapper\modelmapper\2.3.5\modelmapper-2.3.5.jar;C:\Users\DELL\.m2\repository\net\sf\dozer\dozer\5.5.1\dozer-5.5.1.jar;C:\Users\DELL\.m2\repository\org\slf4j\jcl-over-slf4j\2.0.13\jcl-over-slf4j-2.0.13.jar;C:\Users\DELL\.m2\repository\com\google\code\gson\gson\2.10.1\gson-2.10.1.jar;C:\Users\DELL\.m2\repository\org\springframework\security\spring-security-config\6.2.4\spring-security-config-6.2.4.jar;C:\Users\DELL\.m2\repository\org\springframework\security\spring-security-core\6.2.4\spring-security-core-6.2.4.jar;C:\Users\DELL\.m2\repository\org\springframework\security\spring-security-crypto\6.2.4\spring-security-crypto-6.2.4.jar;C:\Users\DELL\.m2\repository\org\springframework\spring-aop\6.1.8\spring-aop-6.1.8.jar;C:\Users\DELL\.m2\repository\org\springframework\spring-beans\6.1.8\spring-beans-6.1.8.jar;C:\Users\DELL\.m2\repository\org\springframework\spring-context\6.1.8\spring-context-6.1.8.jar;C:\Users\DELL\.m2\repository\org\apache\tika\tika-core\2.0.0\tika-core-2.0.0.jar;C:\Users\DELL\.m2\repository\net\coobird\thumbnailator\0.4.12\thumbnailator-0.4.12.jar;C:\Users\DELL\.m2\repository\org\jsoup\jsoup\1.15.1\jsoup-1.15.1.jar;C:\Users\DELL\.m2\repository\com\googlecode\json-simple\json-simple\1.1.1\json-simple-1.1.1.jar;C:\Users\DELL\.m2\repository\junit\junit\4.13.2\junit-4.13.2.jar;C:\Users\DELL\.m2\repository\org\hamcrest\hamcrest-core\2.2\hamcrest-core-2.2.jar;C:\Users\DELL\.m2\repository\javax\annotation\javax.annotation-api\1.3.2\javax.annotation-api-1.3.2.jar;C:\Users\DELL\.m2\repository\org\apache\commons\commons-lang3\3.14.0\commons-lang3-3.14.0.jar;C:\Users\DELL\.m2\repository\io\jsonwebtoken\jjwt\0.9.1\jjwt-0.9.1.jar;C:\Users\DELL\.m2\repository\org\springframework\boot\spring-boot-starter-security\3.2.6\spring-boot-starter-security-3.2.6.jar;C:\Users\DELL\.m2\repository\org\springframework\security\spring-security-web\6.2.4\spring-security-web-6.2.4.jar;C:\Users\DELL\.m2\repository\com\fasterxml\jackson\dataformat\jackson-dataformat-xml\2.13.4\jackson-dataformat-xml-2.13.4.jar;C:\Users\DELL\.m2\repository\org\codehaus\woodstox\stax2-api\4.2.1\stax2-api-4.2.1.jar;C:\Users\DELL\.m2\repository\com\fasterxml\woodstox\woodstox-core\6.3.1\woodstox-core-6.3.1.jar;C:\Users\DELL\.m2\repository\org\cache2k\cache2k-api\2.6.1.Final\cache2k-api-2.6.1.Final.jar;C:\Users\DELL\.m2\repository\org\cache2k\cache2k-core\2.6.1.Final\cache2k-core-2.6.1.Final.jar;C:\Users\DELL\.m2\repository\org\cache2k\cache2k-spring\2.6.1.Final\cache2k-spring-2.6.1.Final.jar;C:\Users\DELL\.m2\repository\org\apache\httpcomponents\httpclient\4.5.14\httpclient-4.5.14.jar;C:\Users\DELL\.m2\repository\org\apache\httpcomponents\httpcore\4.4.16\httpcore-4.4.16.jar;C:\Users\DELL\.m2\repository\org\apache\pdfbox\pdfbox\2.0.29\pdfbox-2.0.29.jar;C:\Users\DELL\.m2\repository\org\apache\pdfbox\fontbox\2.0.29\fontbox-2.0.29.jar;C:\Users\DELL\.m2\repository\com\itextpdf\itextpdf\5.5.13\itextpdf-5.5.13.jar;C:\Users\DELL\.m2\repository\javax\xml\bind\jaxb-api\2.3.1\jaxb-api-2.3.1.jar;C:\Users\DELL\.m2\repository\javax\activation\javax.activation-api\1.2.0\javax.activation-api-1.2.0.jar;C:\Users\DELL\.m2\repository\org\apache\httpcomponents\client5\httpclient5\5.2.1\httpclient5-5.2.1.jar;C:\Users\DELL\.m2\repository\org\apache\httpcomponents\core5\httpcore5-h2\5.2.4\httpcore5-h2-5.2.4.jar;C:\Users\DELL\.m2\repository\org\apache\httpcomponents\core5\httpcore5\5.2.1\httpcore5-5.2.1.jar;C:\Users\DELL\.m2\repository\org\json\json\20240303\json-20240303.jar;C:\Users\DELL\.m2\repository\org\reflections\reflections\0.10.2\reflections-0.10.2.jar;C:\Users\DELL\.m2\repository\org\javassist\javassist\3.28.0-GA\javassist-3.28.0-GA.jar;C:\Users\DELL\.m2\repository\com\google\code\findbugs\jsr305\3.0.2\jsr305-3.0.2.jar;C:\Users\DELL\.m2\repository\org\dhatim\fastexcel-reader\0.19.0\fastexcel-reader-0.19.0.jar;C:\Users\DELL\.m2\repository\com\fasterxml\aalto-xml\1.3.3\aalto-xml-1.3.3.jar;C:\Users\DELL\.m2\repository\org\apache\commons\commons-compress\1.27.1\commons-compress-1.27.1.jar;C:\Users\DELL\.m2\repository\org\dhatim\fastexcel\0.19.0\fastexcel-0.19.0.jar;C:\Users\DELL\.m2\repository\com\github\rzymek\opczip\1.2.0\opczip-1.2.0.jar;C:\Users\DELL\.m2\repository\com\google\zxing\core\2.2\core-2.2.jar;C:\Users\DELL\.m2\repository\com\google\zxing\javase\2.2\javase-2.2.jar
Launcher Type: SUN_STANDARD

[Global flags]
     intx CICompilerCount                          = 4                                         {product} {ergonomic}
     uint ConcGCThreads                            = 2                                         {product} {ergonomic}
     uint G1ConcRefinementThreads                  = 8                                         {product} {ergonomic}
   size_t G1HeapRegionSize                         = 2097152                                   {product} {ergonomic}
    uintx GCDrainStackTargetSize                   = 64                                        {product} {ergonomic}
   size_t InitialHeapSize                          = 266338304                                 {product} {ergonomic}
     bool ManagementServer                         = true                                      {product} {command line}
   size_t MarkStackSize                            = 4194304                                   {product} {ergonomic}
   size_t MaxHeapSize                              = 4261412864                                {product} {ergonomic}
   size_t MaxNewSize                               = 2556428288                                {product} {ergonomic}
   size_t MinHeapDeltaBytes                        = 2097152                                   {product} {ergonomic}
   size_t MinHeapSize                              = 8388608                                   {product} {ergonomic}
    uintx NonNMethodCodeHeapSize                   = 4096                                   {pd product} {ergonomic}
    uintx NonProfiledCodeHeapSize                  = 0                                      {pd product} {ergonomic}
     bool ProfileInterpreter                       = false                                  {pd product} {command line}
    uintx ProfiledCodeHeapSize                     = 0                                      {pd product} {ergonomic}
     bool ShowCodeDetailsInExceptionMessages       = true                                   {manageable} {command line}
   size_t SoftMaxHeapSize                          = 4261412864                             {manageable} {ergonomic}
     intx TieredStopAtLevel                        = 1                                         {product} {command line}
     bool UseCompressedOops                        = true                           {product lp64_product} {ergonomic}
     bool UseG1GC                                  = true                                      {product} {ergonomic}
     bool UseLargePagesIndividualAllocation        = false                                  {pd product} {ergonomic}

Logging:
Log output configuration:
 #0: stdout all=warning uptime,level,tags foldmultilines=false
 #1: stderr all=off uptime,level,tags foldmultilines=false

Environment Variables:
JAVA_HOME=C:\Program Files\Java\jdk-21
PATH=C:\app\DELL\product\23ai\dbhomeFree\bin;C:\Program Files\Common Files\Oracle\Java\javapath;C:\WINDOWS\system32;C:\WINDOWS;C:\WINDOWS\System32\Wbem;C:\WINDOWS\System32\WindowsPowerShell\v1.0\;C:\WINDOWS\System32\OpenSSH\;C:\Program Files (x86)\dotnet\;C:\Program Files\Intel\WiFi\bin\;C:\Program Files\Common Files\Intel\WirelessCommon\;C:\Program Files\Git\cmd;C:\Program Files\Java\jdk-21\bin;C:\Program Files\Java\jdk-17\bin;C:\Program Files\Java\jdk-21\bin;C:\Program Files\nodejs\;C:\Users\DELL\AppData\Roaming\npm;C:\Program Files\MySQL\MySQL Server 8.0\bin;C:\Program Files\MySQL\MySQL Server 5.7\bin;C:\Program Files\PuTTY\;C:\Users\DELL\AppData\Local\Programs\Python\Launcher\;C:\Program Files\MySQL\MySQL Shell 8.0\bin\;C:\Users\DELL\AppData\Local\Microsoft\WindowsApps;C:\Users\DELL\AppData\Local\GitHubDesktop\bin;C:\Users\DELL\AppData\Roaming\npm;C:\Users\DELL\AppData\Local\Programs\Microsoft VS Code\bin
USERNAME=DELL
OS=Windows_NT
PROCESSOR_IDENTIFIER=Intel64 Family 6 Model 142 Stepping 10, GenuineIntel
TMP=C:\Users\DELL\AppData\Local\Temp
TEMP=C:\Users\DELL\AppData\Local\Temp




Periodic native trim disabled

---------------  S Y S T E M  ---------------

OS:
 Windows 11 , 64 bit Build 26100 (10.0.26100.7623)
OS uptime: 24 days 1:40 hours

CPU: total 8 (initial active 8) (4 cores per cpu, 2 threads per core) family 6 model 142 stepping 10 microcode 0xf6, cx8, cmov, fxsr, ht, mmx, 3dnowpref, sse, sse2, sse3, ssse3, sse4.1, sse4.2, popcnt, lzcnt, tsc, tscinvbit, avx, avx2, aes, erms, clmul, bmi1, bmi2, rtm, adx, fma, vzeroupper, clflush, clflushopt, rdtscp, f16c
Processor Information for all 8 processors :
  Max Mhz: 2112, Current Mhz: 1910, Mhz Limit: 1900

Memory: 4k page, system-wide physical 16254M (1963M free)
TotalPageFile size 48149M (AvailPageFile size 16083M)
current process WorkingSet (physical memory assigned to process): 1053M, peak: 1053M
current process commit charge ("private bytes"): 1096M, peak: 1097M

vm_info: Java HotSpot(TM) 64-Bit Server VM (21.0.6+8-LTS-188) for windows-amd64 JRE (21.0.6+8-LTS-188), built on 2024-12-03T10:50:54Z by "mach5one" with MS VC++ 17.6 (VS2022)

END.
